st_marker_id,lat,lon,area,street_id,area_cat,st_marker_id_cat
12340N,-37.80989153387347,144.97950017156433,East Melbourne,16.0,8,411
4478E,-37.81288172787934,144.9542372010811,Magistrates,839.0,15,2044
13038N,-37.82114193198904,144.94378884154526,Docklands,528.0,6,643
3930N,-37.81219457073095,144.9546289525064,Magistrates,856.0,15,1964
3464N,-37.81210933029036,144.95895951200086,Mint,926.0,18,1803
12440N,-37.81183965405239,144.9757730865461,Jolimont,1290.0,12,480
11893W,-37.81039625399951,144.97810771307672,Jolimont,869.0,12,218
1452E,-37.81681410518277,144.9560500541088,Family,839.0,9,1266
1695S,-37.820604996268045,144.95707455267768,Markilles,670.0,16,1344
C1123,-37.81536612643005,144.9608668844973,McKillop,1171.0,17,3201
1433W,-37.8177747897462,144.9562390226116,Family,839.0,9,1255
1447W,-37.816993888476965,144.95588359307231,Family,839.0,9,1262
7041S,-37.80764193298753,144.9582691077157,Victoria Market,1346.0,32,2589
1707S,-37.82078614255218,144.95645798917016,Markilles,670.0,16,1347
2341S,-37.81192267778116,144.971384445823,Windsor,123.0,34,1523
1388E,-37.8198891370821,144.95746278916056,Rialto,839.0,23,1137
1297W,-37.81840452060237,144.95933405526904,Tavistock,1428.0,27,616
13829S,-37.81556065414702,144.9374897932367,Docklands,880.0,6,1094
11523S,-37.81184392505163,144.95207745463983,West Melbourne,818.0,33,105
13316E,-37.81962892784573,144.9470545545495,Docklands,753.0,6,771
9429S,-37.830152039893925,144.96628715188953,Southbank,547.0,24,3012
12265S,-37.80968798503288,144.97628574583445,Jolimont,16.0,12,357
4005W,-37.80777200757387,144.96008443325002,Victoria Market,627.0,32,2001
8281W,-37.82696653353468,144.967593244079,Southbank,591.0,24,2736
3936N,-37.81224916081595,144.95443640358283,Magistrates,856.0,15,1967
5156E,-37.80272571913553,144.95694453391326,Courtney,1062.0,4,2221
13306N,-37.82176881278011,144.9509270321537,Docklands,974.0,6,758
5592E,-37.80593719476246,144.95387657278093,Queensberry,1428.0,20,2353
10166E,-37.80447057318887,144.94946883084802,Queensberry,641.0,20,47
1412E,-37.818853238637146,144.9569853728574,Rialto,839.0,23,1220
1404E,-37.81905725619886,144.9570791278359,Rialto,839.0,23,1189
C2764,-37.80999900222832,144.97005620688822,Princes Theatre,894.0,19,3406
11768E,-37.80989306166771,144.97572600869802,Jolimont,706.0,12,151
1528E,-37.81750248943615,144.9535639188411,Spencer,1285.0,25,1300
13626E,-37.81931753211877,144.9435814944841,Docklands,998.0,6,933
12391S,-37.8109499870976,144.97674612162467,Jolimont,178.0,12,450
570E,-37.80923536550633,144.9693824599006,Regency,647.0,22,2358
10121W,-37.8032043159316,144.94797216601955,Queensberry,562.0,20,37
10171W,-37.80429710830276,144.9493086647881,Queensberry,641.0,20,52
69W,-37.8101102904327,144.97234216796352,Princes Theatre,1288.0,19,2575
3400N,-37.81005359457895,144.96596691289426,Library,926.0,14,1759
13271S,-37.81956921664208,144.94924732514238,Docklands,1457.0,6,738
7576N,-37.8056291072417,144.95455722565328,Queensberry,1381.0,20,2621
13320E,-37.81947607937112,144.9469872579126,Docklands,753.0,6,776
2888N,-37.810907523740994,144.9666268212244,Library,894.0,14,1667
13348E,-37.81578967988276,144.9454006273299,Docklands,753.0,6,803
12410N,-37.810842678928594,144.9774676217727,Jolimont,178.0,12,464
10173W,-37.80424624833567,144.94931762698118,Queensberry,641.0,20,53
9238N,-37.82873655614081,144.9707310469577,Southbank,547.0,24,2929
C296,-37.814780279771405,144.97181040060002,Hyatt,647.0,11,3464
12063W,-37.81199774148857,144.98316216711314,East Melbourne,511.0,8,299
12047W,-37.8124140372548,144.98309250222638,East Melbourne,511.0,8,290
13618E,-37.81952667313469,144.9436774530061,Docklands,998.0,6,925
9439S,-37.83020454472067,144.9661057003098,Southbank,547.0,24,3017
C638,-37.80848609889898,144.96891940510787,Regency,647.0,22,3856
11891W,-37.81044993994802,144.97809886720984,Jolimont,869.0,12,217
12392N,-37.81071163256664,144.97626320429475,Jolimont,178.0,12,451
9531S,-37.828255763399184,144.96535763871094,Southbank,1007.0,24,3042
12291S,-37.80978493981613,144.97717961827533,Jolimont,16.0,12,381
437W,-37.81249094262977,144.97062874997175,Windsor,647.0,34,2014
12422N,-37.81088356628949,144.97784418645782,Jolimont,178.0,12,470
557W,-37.80937793626215,144.969205792322,Regency,647.0,22,2349
8318E,-37.82508581295865,144.9682848956389,Southbank,591.0,24,2750
13911W,-37.81360586599018,144.94183439255718,Docklands,36.0,6,1151
8325W,-37.82493802574713,144.9682056923988,Southbank,591.0,24,2757
C2654,-37.80962526078701,144.97133285589797,Princes Theatre,894.0,19,3375
6205W,-37.80632777667444,144.95099393080554,Queensberry,617.0,20,2467
C2672,-37.80968431321315,144.97113114323085,Princes Theatre,894.0,19,3381
6243W,-37.80583352412916,144.95076915648878,Queensberry,617.0,20,2484
12418N,-37.81087034730045,144.97772244091766,Jolimont,178.0,12,468
C13528,-37.81928880037832,144.94569170820674,Docklands,123.0,6,3270
5108E,-37.804292539726006,144.95767318591783,Courtney,1062.0,4,2196
C600,-37.80886949570971,144.9690957923111,Regency,647.0,22,3780
C6392,-37.80379679248169,144.9509968828238,Queensberry,881.0,20,3858
9533S,-37.82822896840245,144.96520722354074,Southbank,1007.0,24,3043
5136E,-37.80301980439469,144.95708108619985,Courtney,1062.0,4,2206
12420N,-37.810876946438654,144.9777832199635,Jolimont,178.0,12,469
C5952,-37.80395155130852,144.95398915548344,Queensberry,798.0,20,3772
C6340,-37.80431152161183,144.9509058146887,Queensberry,881.0,20,3843
13766E,-37.813606849355054,144.93945887825527,Docklands,1398.0,6,1045
13358E,-37.82204065070916,144.94779778100198,Docklands,753.0,6,813
11876E,-37.81069143350461,144.97829825096986,Jolimont,869.0,12,203
C13596,-37.81953717751574,144.944832602833,Docklands,123.0,6,3285
13787W,-37.81317468124503,144.94070604585215,Docklands,1228.0,6,1064
5185W,-37.8111179360204,144.95733209932737,Mint,1433.0,18,2231
12357S,-37.8100944160155,144.98001137424978,East Melbourne,16.0,8,428
13679W,-37.82091475725626,144.94620103234968,Docklands,1043.0,6,982
13769W,-37.81221173894874,144.9384938791259,Docklands,1398.0,6,1048
12444N,-37.811902649705615,144.9763519467404,Jolimont,1290.0,12,484
C7004,-37.80928846113943,144.9564063055319,Victoria Market,681.0,32,4045
C7754,-37.80310835516568,144.95013199633763,Queensberry,1175.0,20,4150
12045W,-37.812465971039046,144.98308392926054,East Melbourne,511.0,8,288
1581S,-37.81865397291395,144.96367840905828,Banks,670.0,0,1327
5082E,-37.804704440449,144.95785871800302,Courtney,1062.0,4,2182
8895W,-37.824542423654,144.96159306132756,Southbank,202.0,24,2879
C2794,-37.810346871060695,144.968857501453,Princes Theatre,894.0,19,3418
C128,-37.80873103790717,144.97183186905716,Regency,1288.0,22,3262
994E,-37.81846334868087,144.96241564996032,Banks,1171.0,0,3147
9325S,-37.82950699060449,144.96851455886542,Southbank,547.0,24,2973
11788E,-37.8109708089936,144.97558487670682,Jolimont,1090.0,12,159
C13628,-37.819673337996456,144.94435930939085,Docklands,123.0,6,3293
10103W,-37.80347362638075,144.9479256115099,Queensberry,562.0,20,26
11031W,-37.80954666135168,144.95921281291947,Titles,33.0,29,89
9943S,-37.82602525106547,144.9673739387342,Southbank,728.0,24,3140
4574E,-37.80809601216072,144.9660677529875,The Mac,1221.0,28,2074
12451S,-37.811998362497285,144.97618232890946,Jolimont,1290.0,12,490
9541S,-37.828203842491305,144.96508114596062,Southbank,1007.0,24,3047
8345W,-37.82403866113543,144.96847615953163,Southbank,591.0,24,2774
12367S,-37.81013046672039,144.9803372244377,East Melbourne,16.0,8,437
11963W,-37.814736800965576,144.982697261608,East Melbourne,511.0,8,248
13225S,-37.8193976591929,144.9456302098763,Docklands,123.0,6,703
11762E,-37.80999036689085,144.97571012254173,Jolimont,706.0,12,148
6235W,-37.805941278651645,144.95081874616176,Queensberry,617.0,20,2479
5145W,-37.80290398980547,144.95690089927058,Courtney,1062.0,4,2213
C13664,-37.81992818470879,144.94347559823186,Docklands,123.0,6,3302
5140E,-37.80297372553294,144.95705968991444,Courtney,1062.0,4,2208
C2728,-37.80991031077144,144.97035915437203,Princes Theatre,894.0,19,3396
13217S,-37.81887903218778,144.94744531512134,Docklands,123.0,6,694
13864N,-37.8123733471784,144.94104656806851,Docklands,915.0,6,1128
13050N,-37.82104865070899,144.94339949099592,Docklands,528.0,6,653
12414N,-37.81085653328952,144.97759520657974,Jolimont,178.0,12,466
13247S,-37.82007900996949,144.94327625545054,Docklands,123.0,6,723
C13726,-37.82007954448196,144.94295514316474,Docklands,123.0,6,3318
9970N,-37.82598870482719,144.96714930745702,Southbank,728.0,24,3160
13040N,-37.82112630274722,144.94372360484854,Docklands,528.0,6,645
12293S,-37.80979249881484,144.9772480695041,Jolimont,16.0,12,382
13622E,-37.81942211605225,144.943629462373,Docklands,998.0,6,929
13301W,-37.82074851014493,144.9472640082049,Docklands,753.0,6,750
13653W,-37.82030819278442,144.94538967440604,Docklands,697.0,6,962
8702E,-37.82503122530648,144.963318214392,Southbank,828.0,24,2852
C5954,-37.80392684324373,144.95399357403704,Queensberry,798.0,20,3773
12285S,-37.80975849874488,144.97693636453994,Jolimont,16.0,12,375
12266N,-37.809621831825645,144.9770232927703,Jolimont,16.0,12,358
6213W,-37.80621992572849,144.95094503560492,Queensberry,617.0,20,2470
8674E,-37.82530117411844,144.9629918316889,Southbank,828.0,24,2845
13753W,-37.81276725605508,144.93883129096886,Docklands,1398.0,6,1032
7620N,-37.80498763656493,144.94875372356168,Queensberry,1381.0,20,2640
C9020,-37.80287247647958,144.9670300382711,Drummond,1102.0,7,4216
12322N,-37.80980446844947,144.97869286750807,East Melbourne,16.0,8,394
13404E,-37.81918378673609,144.94732394885384,Docklands,1400.0,6,838
12439S,-37.81193637715751,144.97561571940406,Jolimont,1290.0,12,479
9244N,-37.82876804360365,144.9706236824099,Southbank,547.0,24,2935
12453S,-37.81200576717279,144.97624765426804,Jolimont,1290.0,12,491
3341S,-37.80897580176055,144.96983303660082,Regency,926.0,22,1736
9262N,-37.82889407958439,144.97018952912822,Southbank,547.0,24,2950
C7178,-37.80743962521508,144.9531662424701,Queensberry,1214.0,20,4074
C496,-37.81067551759528,144.9699238748613,Princes Theatre,647.0,19,3594
C7176,-37.8074264632269,144.9531933134983,Queensberry,1214.0,20,4073
13327W,-37.81974853491796,144.94690880762462,Docklands,753.0,6,782
9852N,-37.82519268908528,144.96985752649505,Southbank,728.0,24,3086
13858N,-37.81245600838406,144.9408281056877,Docklands,915.0,6,1123
7762N,-37.80254076503344,144.94582181221182,Queensberry,1175.0,20,2685
12442N,-37.81184753134404,144.9758455824391,Jolimont,1290.0,12,482
6171W,-37.804264150600936,144.94314065249569,Queensberry,612.0,20,2452
13743W,-37.81359050222113,144.93932968968582,Docklands,1398.0,6,1023
C5860,-37.80528570617085,144.95375099866678,Queensberry,798.0,20,3745
C124,-37.80875480851079,144.97184279140714,Regency,1288.0,22,3248
12433S,-37.811912068922375,144.97539496289204,Jolimont,1290.0,12,473
1550E,-37.81239673765447,144.95120502719195,West Melbourne,1285.0,33,1308
12309S,-37.80985310872121,144.97780673383124,Jolimont,16.0,12,389
13636E,-37.82036873067143,144.94457489244326,Docklands,810.0,6,944
8295W,-37.826293551681,144.96779619470774,Southbank,591.0,24,2742
13606E,-37.82031147826325,144.94400366662887,Docklands,998.0,6,917
5804E,-37.8070834098104,144.9534650513992,Queensberry,798.0,20,2363
C5966,-37.80377804476591,144.95402017467026,Queensberry,798.0,20,3779
8314E,-37.82519218461664,144.9682527634061,Southbank,591.0,24,2746
13044N,-37.82109504413757,144.94359313381324,Docklands,528.0,6,649
13662E,-37.81980590650977,144.9453547426254,Docklands,697.0,6,971
4572E,-37.808154552159976,144.96609457026418,The Mac,1221.0,28,2073
13234N,-37.81942611349133,144.94490342879857,Docklands,123.0,6,712
12278N,-37.80966490743808,144.97742277171912,Jolimont,16.0,12,369
10118E,-37.80330779710919,144.94818815873492,Queensberry,562.0,20,34
13834N,-37.81299743045345,144.93939906922648,Docklands,915.0,6,1099
12287S,-37.809769174700094,144.97703568928645,Jolimont,16.0,12,377
6227W,-37.806049072525546,144.95086738817898,Queensberry,617.0,20,2477
13313W,-37.82027323289721,144.9471289371929,Docklands,753.0,6,768
487W,-37.81071046021626,144.96981277183525,Princes Theatre,647.0,19,2139
12297S,-37.80980701908429,144.97738139050915,Jolimont,16.0,12,383
13296E,-37.81645800941625,144.9456949101669,Docklands,753.0,6,746
13482E,-37.81949229145816,144.9504366415831,Docklands,49.0,6,882
9958N,-37.82594442551273,144.96730189945814,Southbank,728.0,24,3154
8653W,-37.82554051012605,144.9625126834213,Southbank,828.0,24,2833
89W,-37.80888641115215,144.97177809248228,Regency,1288.0,22,2887
2861S,-37.81080964501693,144.967633211193,Princes Theatre,894.0,19,1661
C6088,-37.80500302625974,144.95228985072862,Queensberry,192.0,20,3794
13771W,-37.8121649254436,144.93846609366082,Docklands,1398.0,6,1050
C13580,-37.81949368254661,144.94498293377134,Docklands,123.0,6,3281
9517S,-37.828435639282,144.96628113786758,Southbank,1007.0,24,3035
9527S,-37.82828613965141,144.96551202583254,Southbank,1007.0,24,3040
C7712,-37.80359470663074,144.95447976391296,Queensberry,1175.0,20,4135
12E,-37.81469213890541,144.97470510781514,Twin Towers,1288.0,30,618
C6174,-37.803759233496535,144.9525099933819,Queensberry,192.0,20,3827
13256N,-37.81989373658233,144.94328768081613,Docklands,123.0,6,730
12282N,-37.80967937894794,144.97755782587635,Jolimont,16.0,12,373
6207W,-37.80630664630933,144.9509843197488,Queensberry,617.0,20,2468
87W,-37.80893653864281,144.97180131953928,Regency,1288.0,22,2860
13683W,-37.8205114041884,144.94609471266074,Docklands,1043.0,6,985
13772E,-37.813460652936286,144.9393702796731,Docklands,1398.0,6,1051
5807W,-37.80702712867955,144.95334035323768,Queensberry,798.0,20,2365
12446N,-37.811910283196696,144.97642226941176,Jolimont,1290.0,12,486
1207W,-37.81258422957109,144.95946907389737,Titles,1171.0,29,308
103W,-37.80806338920739,144.97139714228757,Regency,1288.0,22,85
1203W,-37.81268610607768,144.95951470462205,Titles,1171.0,29,284
C7160,-37.807149619790415,144.95375923733644,Queensberry,1214.0,20,4068
C6420,-37.80351884180942,144.95104654652098,Queensberry,881.0,20,3869
8647W,-37.82560052815213,144.96244227054996,Southbank,828.0,24,2827
C1262,-37.81170093700527,144.95919252060585,Titles,1171.0,29,3258
C4828,-37.81061157978303,144.95869809167482,Titles,1171.0,29,3579
4833W,-37.81059178739265,144.95856584051387,Titles,1171.0,29,2121
C4832,-37.81056739381661,144.95867772800116,Titles,1171.0,29,3581
12363S,-37.8101160179561,144.98020679605463,East Melbourne,16.0,8,434
5992N,-37.809723898561295,144.95901422180225,Titles,5.0,29,2409
C1152,-37.81382423578742,144.96015936553948,Hardware,1171.0,10,3215
6035S,-37.81053313257705,144.956655725953,Mint,5.0,18,2443
C1212,-37.812485166038506,144.95954853565826,Titles,1171.0,29,3237
C1220,-37.81236655334367,144.95949445282753,Titles,1171.0,29,3241
9513S,-37.82844808945997,144.9663469776632,Southbank,1007.0,24,3033
13767W,-37.81242058878527,144.93862103867127,Docklands,1398.0,6,1046
1215W,-37.81237282273516,144.95937304974785,Titles,1171.0,29,319
5329W,-37.81084570995648,144.9558703069698,Mint,1428.0,18,2297
5180E,-37.81119449775253,144.957505390307,Mint,1433.0,18,2227
12003W,-37.81360134858862,144.98289151446258,East Melbourne,511.0,8,267
10036N,-37.82321938326506,144.96663581087876,Southbank,1278.0,24,15
6043S,-37.81063834312023,144.95629833227468,Mint,5.0,18,2447
6031S,-37.81049602483758,144.95678270598654,Mint,5.0,18,2439
6037S,-37.81058146359271,144.9564929243906,Mint,5.0,18,2444
C1234,-37.812225392250056,144.95943004474938,Titles,1171.0,29,3246
9292N,-37.82907502979826,144.96956775385016,Southbank,547.0,24,2961
5160E,-37.80268081676236,144.9569236845853,Courtney,1062.0,4,2223
1228E,-37.8122279003903,144.95955850622954,Titles,1171.0,29,380
11897W,-37.81026413164536,144.9781294721275,Jolimont,869.0,12,222
5335W,-37.8106926672988,144.9557997447494,Mint,1428.0,18,2300
12025W,-37.813032957667545,144.98298944856776,East Melbourne,511.0,8,278
2818N,-37.81034688352053,144.96853423255658,Princes Theatre,894.0,19,1644
9445S,-37.83023599891012,144.96599699646083,Southbank,547.0,24,3020
13584E,-37.81986336314701,144.94274497835738,Docklands,558.0,6,910
C2648,-37.80959173026294,144.97144739203077,Princes Theatre,894.0,19,3372
2698N,-37.8097954534028,144.97041322072164,Princes Theatre,894.0,19,1638
13785W,-37.813227585593545,144.94073826784955,Docklands,1228.0,6,1062
2892N,-37.81061209153864,144.96763157229913,Princes Theatre,894.0,19,1669
12328N,-37.80982658778716,144.97889542467027,East Melbourne,16.0,8,400
12402N,-37.81074692454287,144.9765884113355,Jolimont,178.0,12,460
11746E,-37.81025046161003,144.97566700300655,Jolimont,706.0,12,138
C6172,-37.803784894901206,144.95250548757656,Queensberry,192.0,20,3826
9897S,-37.8256468273942,144.96867196304143,Southbank,728.0,24,3111
12274N,-37.80965039792352,144.9772877225983,Jolimont,16.0,12,366
12288N,-37.80970041365944,144.97775479011744,Jolimont,16.0,12,378
11896E,-37.81017858516488,144.97838466910338,Jolimont,869.0,12,221
C6380,-37.8040088660976,144.95095945647938,Queensberry,881.0,20,3857
13602E,-37.820413467535296,144.9440488765303,Docklands,998.0,6,915
13651W,-37.82036941672416,144.94540594698154,Docklands,697.0,6,960
5468E,-37.80737098472135,144.95453036410137,Queensberry,1428.0,20,2328
11923W,-37.81577767382841,144.98252005915342,East Melbourne,511.0,8,227
1295W,-37.81845605450276,144.95935770486005,Tavistock,1428.0,27,615
9417S,-37.83008922443051,144.9665042371874,Southbank,547.0,24,3006
5570E,-37.80634788094844,144.95406351646648,Queensberry,1428.0,20,2346
8630E,-37.82573112693166,144.9624829420988,Southbank,828.0,24,2811
C6302,-37.80474565400296,144.95082990373712,Queensberry,881.0,20,3841
12436N,-37.81182447430852,144.97563353553048,Jolimont,1290.0,12,476
253W,-37.815446336010666,144.9719985999839,Hyatt,647.0,11,1602
1920N,-37.81459062113608,144.96934964877917,Hyatt,528.0,11,1415
2822N,-37.81039698248489,144.96836329671396,Princes Theatre,894.0,19,1645
429W,-37.81269374292609,144.970723307995,Windsor,647.0,34,2007
6041S,-37.81061964261409,144.95636228045396,Mint,5.0,18,2446
9850N,-37.82518458732257,144.9698851270348,Southbank,728.0,24,3085
13664E,-37.819750632550246,144.9453399941094,Docklands,697.0,6,973
13214N,-37.81869043396908,144.94741873287813,Docklands,123.0,6,691
6187W,-37.80666464130361,144.95114743912734,Queensberry,617.0,20,2456
C2720,-37.80986340410677,144.9705195773521,Princes Theatre,894.0,19,3394
11959W,-37.81484011193355,144.98267969467258,East Melbourne,511.0,8,246
9523S,-37.82841695836074,144.966182355025,Southbank,1007.0,24,3039
C2636,-37.80953617829521,144.97163714701682,Princes Theatre,894.0,19,3366
C13636,-37.81969020326326,144.94430138688216,Docklands,123.0,6,3295
C13588,-37.81951188466047,144.94491963763045,Docklands,123.0,6,3283
C2638,-37.80954375816891,144.97161125514455,Princes Theatre,894.0,19,3367
1236E,-37.8121340715992,144.95951560018827,Titles,1171.0,29,439
6033S,-37.810514602925245,144.95671881689637,Mint,5.0,18,2441
8885W,-37.824946075716575,144.96111801948322,Southbank,202.0,24,2874
C7682,-37.80368200821251,144.95524866067768,Queensberry,1175.0,20,4120
C164,-37.80827816299957,144.971623831196,Regency,1288.0,22,3330
13655W,-37.820246968382335,144.9453747979073,Docklands,697.0,6,964
13347W,-37.819426242944495,144.94842132710085,Docklands,79.0,6,802
12400N,-37.81073975776732,144.97652234965057,Jolimont,178.0,12,458
5594E,-37.80589073957607,144.95385549942068,Queensberry,1428.0,20,2354
9887S,-37.825554942802896,144.96898758141737,Southbank,728.0,24,3102
9952N,-37.82592204607551,144.96737764192935,Southbank,728.0,24,3150
C6408,-37.80365717778494,144.95102191088802,Queensberry,881.0,20,3864
11874E,-37.81074367615153,144.97828950867853,Jolimont,869.0,12,201
5144E,-37.80292803824712,144.95703847650057,Courtney,1062.0,4,2212
11880E,-37.81058919833061,144.97831562076288,Jolimont,869.0,12,206
C9198,-37.79848168467851,144.96548768683328,University,655.0,31,4256
C9000,-37.8028519401346,144.96684307221085,Drummond,1102.0,7,4212
13669W,-37.82105433070951,144.9453381310676,Docklands,826.0,6,977
C5886,-37.80497787496565,144.95380594990309,Queensberry,798.0,20,3756
13695W,-37.820144167274826,144.94599977690618,Docklands,1043.0,6,991
1458E,-37.81664572591223,144.95597395956156,Family,839.0,9,1272
13408E,-37.81927228594812,144.94741784611003,Docklands,1400.0,6,840
13422E,-37.819869415259575,144.94805364400952,Docklands,1400.0,6,848
13781W,-37.81333339381703,144.94080196815696,Docklands,1228.0,6,1059
13648E,-37.82050737700747,144.94553822275137,Docklands,697.0,6,956
C6424,-37.803496275233954,144.95105059551074,Queensberry,881.0,20,3870
C13544,-37.81932658153466,144.9455604796275,Docklands,123.0,6,3274
912E,-37.816808953141,144.96443606200222,Degraves,627.0,5,2908
13318E,-37.819539600147685,144.94701317281186,Docklands,753.0,6,773
5829W,-37.80665496129442,144.9534054448519,Queensberry,798.0,20,2376
C2866,-37.8106740173744,144.96773848737843,Princes Theatre,894.0,19,3442
5812E,-37.806990515111366,144.95348171385731,Queensberry,798.0,20,2369
5147W,-37.80285324569801,144.9568774084001,Courtney,1062.0,4,2215
C7182,-37.80746605177896,144.95311195589082,Queensberry,1214.0,20,4076
10107W,-37.80368347160326,144.9478867437966,Queensberry,562.0,20,28
9453S,-37.83027811734948,144.96585143464503,Southbank,547.0,24,3024
13773W,-37.81211600849164,144.93843707080612,Docklands,1398.0,6,1052
13677W,-37.820968983843976,144.94621528438944,Docklands,1043.0,6,981
11927W,-37.81566437738135,144.98253941415769,East Melbourne,511.0,8,229
13480E,-37.819430187616376,144.95038763275062,Docklands,49.0,6,881
C13548,-37.819342766449296,144.9455048242817,Docklands,123.0,6,3275
1299W,-37.81834298686631,144.95930583849412,Tavistock,1428.0,27,617
13624E,-37.81936983578525,144.9436054796541,Docklands,998.0,6,931
13305W,-37.82058964482837,144.94722252458803,Docklands,753.0,6,756
13406E,-37.81922802801647,144.94737083263863,Docklands,1400.0,6,839
1986N,-37.81664993639553,144.96227785981011,Banks,528.0,0,1447
4390E,-37.80862271939476,144.96068371817802,The Mac,627.0,28,2017
5119W,-37.803590495004286,144.95722180642406,Courtney,1062.0,4,2198
6540N,-37.80782027267739,144.9612674983721,The Mac,681.0,28,2532
C5576,-37.80634703943952,144.95393714038005,Queensberry,1428.0,20,3654
C2652,-37.80961790607153,144.97135797948957,Princes Theatre,894.0,19,3374
C7196,-37.80756806438687,144.9529019571974,Queensberry,1214.0,20,4083
C500,-37.810649900264416,144.96991218416275,Princes Theatre,647.0,19,3595
C344,-37.81436681917644,144.97161879798873,Hyatt,647.0,11,3551
10119W,-37.80325633216644,144.94796298576316,Queensberry,562.0,20,35
C224,-37.81559854442324,144.9721907752867,Hyatt,647.0,11,3356
2793S,-37.81046795143421,144.9687918963204,Princes Theatre,894.0,19,1640
2851S,-37.81071345213896,144.9679577708581,Princes Theatre,894.0,19,1655
13324E,-37.81813758797308,144.94643655625285,Docklands,753.0,6,779
C13532,-37.81929825229301,144.94565893391882,Docklands,123.0,6,3271
6191W,-37.80659980771903,144.95111792260167,Queensberry,617.0,20,2459
11995W,-37.81391267686073,144.98283744856855,East Melbourne,511.0,8,264
C100,-37.8088965609683,144.97190792792816,Regency,1288.0,22,3169
5100E,-37.804378178843,144.9577120543801,Courtney,1062.0,4,2192
9537S,-37.82821653957318,144.96514765190838,Southbank,1007.0,24,3045
C6130,-37.8043859523741,144.95239918966172,Queensberry,192.0,20,3807
13312E,-37.8197825689164,144.9471226462669,Docklands,753.0,6,766
3388N,-37.80994021141253,144.9663550816945,Library,926.0,14,1753
12055W,-37.812205121205146,144.983127651862,East Melbourne,511.0,8,294
C13624,-37.81966489596433,144.94438830097582,Docklands,123.0,6,3292
C6404,-37.803703358842505,144.95101367765076,Queensberry,881.0,20,3862
C9178,-37.79846206091389,144.96530212179977,University,655.0,31,4251
13832N,-37.81302284893166,144.9393336503942,Docklands,915.0,6,1097
4509W,-37.81166044059066,144.95342440853702,West Melbourne,839.0,33,2056
C6352,-37.80421782013372,144.95092242388282,Queensberry,881.0,20,3847
13352E,-37.815676389961794,144.9453505933454,Docklands,753.0,6,807
12083W,-37.81109578976549,144.98331282523932,East Melbourne,511.0,8,309
13614E,-37.81963127323258,144.94372543966972,Docklands,998.0,6,922
91W,-37.80883571544522,144.97175471476578,Regency,1288.0,22,2916
C7142,-37.80846791484835,144.95257334520554,Queensberry,1391.0,20,4061
C6428,-37.80347326534873,144.9510547155713,Queensberry,881.0,20,3871
C6670,-37.80871070565439,144.9585441698922,Titles,681.0,29,3921
5447W,-37.80833177449209,144.95472159046906,Queensberry,1428.0,20,2319
13042N,-37.82111067346008,144.94365836931638,Docklands,528.0,6,647
10181W,-37.80404052141371,144.94935384858712,Queensberry,641.0,20,59
13333W,-37.81903225640253,144.9484063181207,Docklands,79.0,6,788
13350E,-37.81573303491969,144.94537561003554,Docklands,753.0,6,805
13788E,-37.81255912206672,144.9388248253581,Docklands,1398.0,6,1065
10115W,-37.80336265167589,144.94794423530294,Queensberry,562.0,20,31
13354E,-37.81550858947077,144.9452764840512,Docklands,753.0,6,809
2343S,-37.81194106462953,144.97132157806126,Windsor,123.0,34,1525
553W,-37.80947741609681,144.96925140611305,Regency,647.0,22,2341
C2748,-37.80995805894245,144.9701960477561,Princes Theatre,894.0,19,3401
C9166,-37.79844867510848,144.96517647688998,University,655.0,31,4248
C6712,-37.80880491144351,144.95821929732745,Titles,681.0,29,3932
C6628,-37.808442754402144,144.9594691475015,Titles,681.0,29,3905
10120E,-37.803251489583005,144.94819826585282,Queensberry,562.0,20,36
3392N,-37.8099774828667,144.9662276702844,Library,926.0,14,1755
1732N,-37.81461555994989,144.97318939446689,Twin Towers,669.0,30,1356
C2776,-37.81026940930328,144.96912071717077,Princes Theatre,894.0,19,3410
4870E,-37.808619542847374,144.95797234135438,Victoria Market,1171.0,32,2133
6254N,-37.80760467000953,144.9663048493107,Regency,941.0,22,2488
C6418,-37.803541544615975,144.95104250013748,Queensberry,881.0,20,3868
5162E,-37.8026581407245,144.95691315566702,Courtney,1062.0,4,2224
13616E,-37.81957898275758,144.94370144417576,Docklands,998.0,6,923
9200N,-37.831124100903146,144.9668652164531,Southbank,597.0,24,2917
C140,-37.808660180045365,144.97179932029346,Regency,1288.0,22,3319
C9170,-37.79845224001575,144.96520917346135,University,655.0,31,4249
C6300,-37.804768746769575,144.95082582224578,Queensberry,881.0,20,3840
482E,-37.81075992621855,144.97008748428416,Princes Theatre,647.0,19,2119
6177W,-37.804111572515815,144.94316750978206,Queensberry,612.0,20,2454
12029W,-37.812929589010174,144.98300681441947,East Melbourne,511.0,8,280
9411S,-37.83006290998607,144.96661129291584,Southbank,547.0,24,3003
12286N,-37.8096938111409,144.97769291357366,Jolimont,16.0,12,376
11708E,-37.81037881251466,144.97294217330904,Jolimont,1054.0,12,124
5154E,-37.80274804131693,144.95695489881587,Courtney,1062.0,4,2220
2508N,-37.810865322370255,144.97081090744348,Princes Theatre,907.0,19,1594
10007S,-37.82364856124581,144.96928797827005,Southbank,1278.0,24,3
67W,-37.81016282700453,144.9723667475378,Princes Theatre,1288.0,19,2569
C6402,-37.803726604974045,144.95100945355003,Queensberry,881.0,20,3861
12335S,-37.810011793163575,144.97925548474623,East Melbourne,16.0,8,406
1583S,-37.818672516340776,144.96361441607365,Banks,670.0,0,1328
9128N,-37.83017389941701,144.97014075218613,Southbank,597.0,24,2907
6241W,-37.80585474905412,144.95077873586428,Queensberry,617.0,20,2483
11872E,-37.81079707696525,144.97828067292062,Jolimont,869.0,12,199
12015W,-37.813291046964814,144.98294512110553,East Melbourne,511.0,8,272
11875W,-37.8113442311161,144.97795050911682,Jolimont,869.0,12,202
11720E,-37.8100258307842,144.97296632787575,Jolimont,1054.0,12,130
13658E,-37.81991683920843,144.9453842391629,Docklands,697.0,6,967
12377S,-37.81016617960409,144.98066031843155,East Melbourne,16.0,8,442
12023W,-37.81308415235573,144.98298085049117,East Melbourne,511.0,8,277
12443S,-37.811967229561546,144.97590028800312,Jolimont,1290.0,12,483
8672E,-37.82532076103389,144.9629688553548,Southbank,828.0,24,2844
8639W,-37.82568055331964,144.96234838540389,Southbank,828.0,24,2819
C2842,-37.81055767510213,144.96813712182484,Princes Theatre,894.0,19,3435
3414N,-37.8102257135014,144.9653774046129,Library,926.0,14,1770
5384E,-37.80531081814683,144.95625480855696,Courtney,1101.0,4,2310
13628E,-37.81942581628061,144.9444922572581,Docklands,638.0,6,935
4885W,-37.808431709459136,144.95771558584332,Victoria Market,1171.0,32,2143
C2986,-37.81310163584061,144.9594536270003,Supreme,894.0,26,3469
13791W,-37.81306915668149,144.94064157729275,Docklands,1228.0,6,1069
2384N,-37.814371236105046,144.96246424218043,McKillop,123.0,17,1540
7017S,-37.80741315936813,144.95905731480386,Victoria Market,1346.0,32,2579
C1121,-37.815391570588496,144.96087855962014,McKillop,1171.0,17,3199
C13620,-37.819656465470274,144.94441725706724,Docklands,123.0,6,3291
13627W,-37.81943323062181,144.94441606132867,Docklands,638.0,6,934
7037S,-37.80760481728576,144.95839671900853,Victoria Market,1346.0,32,2587
C1115,-37.815502433524976,144.9609293737889,McKillop,1171.0,17,3193
C1176,-37.813500526951046,144.96001257640998,Hardware,1171.0,10,3228
13363W,-37.819170503440816,144.94937846771063,Docklands,1383.0,6,818
1289W,-37.819010051280095,144.95961109054855,Tavistock,1428.0,27,599
2340N,-37.81176665861242,144.97136433841632,Windsor,123.0,34,1522
7013S,-37.807375029411695,144.9591883857741,Victoria Market,1346.0,32,2577
13580E,-37.82032363080728,144.94292942776153,Docklands,1241.0,6,908
13367W,-37.819569347421655,144.94969301151178,Docklands,1383.0,6,820
1429W,-37.81806101410291,144.95637098954091,Family,839.0,9,1253
13758E,-37.81230145345536,144.93625097779258,Docklands,1097.0,6,1037
13641W,-37.81996243486995,144.94428899999997,Docklands,810.0,6,950
1315W,-37.81707601430344,144.95873044431502,RACV,1428.0,21,679
C13704,-37.82001997888074,144.94315996150792,Docklands,123.0,6,3312
13033S,-37.82057355422345,144.94926060286815,Docklands,528.0,6,639
3914N,-37.81204931667072,144.95514235268453,Magistrates,856.0,15,1956
13588E,-37.819614355485015,144.94263124467017,Docklands,558.0,6,912
13340E,-37.81651398417677,144.94571963696453,Docklands,753.0,6,795
12264N,-37.8095497307304,144.97635119820478,Jolimont,16.0,12,356
1861S,-37.81929158719024,144.95764692833347,Rialto,669.0,23,1391
1512E,-37.81961176295848,144.95453321377286,Markilles,1285.0,16,1296
1518E,-37.81946331460024,144.954465310041,Markilles,1285.0,16,1299
12095W,-37.81078547614749,144.9833640931764,East Melbourne,511.0,8,315
11501S,-37.81152512653161,144.9532043905266,West Melbourne,818.0,33,98
48E,-37.81260835365752,144.9737395204155,Twin Towers,1288.0,30,2155
13416E,-37.81973947127898,144.94791536302006,Docklands,1400.0,6,845
C7738,-37.80314276449994,144.95043863536836,Queensberry,1175.0,20,4144
1516E,-37.81951133958624,144.95448727631643,Markilles,1285.0,16,1298
1514E,-37.81956080073379,144.95450989576858,Markilles,1285.0,16,1297
9308N,-37.82916917565996,144.96924263891702,Southbank,547.0,24,2967
13625W,-37.81934223214657,144.94343102539293,Docklands,998.0,6,932
1425W,-37.818159170334646,144.95641556200374,Family,839.0,9,1248
10189W,-37.80382682159421,144.94939150990004,Queensberry,641.0,20,67
1427W,-37.81811188578098,144.95639408276017,Family,839.0,9,1252
964E,-37.81174234412636,144.9621121581107,Library,627.0,14,3053
13039S,-37.8212220720195,144.94701815700228,Docklands,528.0,6,644
769W,-37.81236878042407,144.96777381541787,Chinatown,1221.0,1,2672
C232,-37.815552963949536,144.97216936197606,Hyatt,647.0,11,3358
43W,-37.81278759867124,144.97357097677678,Twin Towers,1288.0,30,2019
7336E,-37.80537810506202,144.94933123203518,West Melbourne,839.0,33,2608
10199W,-37.803555205521285,144.94943939362562,Queensberry,641.0,20,76
C244,-37.8154564460866,144.9721250693515,Hyatt,647.0,11,3361
959W,-37.81202079644797,144.9620312039879,Library,627.0,14,3050
2153S,-37.81290289367063,144.9716065110612,Twin Towers,911.0,30,1480
11957W,-37.81489175483394,144.98267090852102,East Melbourne,511.0,8,245
2899S,-37.811226600379136,144.96618588515918,Library,894.0,14,1672
12463S,-37.81204342877745,144.97659599901044,Jolimont,1290.0,12,496
12431S,-37.81190422205183,144.97532416666604,Jolimont,1290.0,12,471
7023S,-37.80747387339177,144.95884861877693,Victoria Market,1346.0,32,2582
13343W,-37.8193114248518,144.9484171399792,Docklands,79.0,6,798
13029S,-37.82053720590839,144.94938592006304,Docklands,528.0,6,635
13377W,-37.819875892414494,144.9499389425153,Docklands,1383.0,6,825
13789W,-37.81312191637424,144.9406738118403,Docklands,1228.0,6,1066
2890N,-37.81093248766649,144.9665422714744,Library,894.0,14,1668
7015S,-37.807394597053374,144.95912111952038,Victoria Market,1346.0,32,2578
11784E,-37.811085566669895,144.97556512143274,Jolimont,1090.0,12,156
2350N,-37.81190346740255,144.97089849405825,Windsor,123.0,34,1530
6614N,-37.80833578580236,144.95949606481113,Titles,681.0,29,2545
7644N,-37.80494833451298,144.94840292530282,Queensberry,1381.0,20,2651
12067W,-37.81189537271664,144.98317922713915,East Melbourne,511.0,8,301
5325W,-37.8109477435026,144.9559172696074,Mint,1428.0,18,2294
10159W,-37.80465392902081,144.94924754947715,Queensberry,641.0,20,43
6592N,-37.80829650117277,144.95963203132126,Titles,681.0,29,2543
C220,-37.815621364479,144.97220133737656,Hyatt,647.0,11,3355
10197W,-37.80360963486285,144.94942976511825,Queensberry,641.0,20,74
12445S,-37.81197519397657,144.97597233656757,Jolimont,1290.0,12,485
13446E,-37.81921816717912,144.948626658588,Docklands,79.0,6,862
2857S,-37.81077116342536,144.96776298832154,Princes Theatre,894.0,19,1659
93W,-37.80878490800283,144.97173126952214,Regency,1288.0,22,2998
1979S,-37.816648596079546,144.96284896366222,Banks,528.0,0,1443
C2944,-37.812659459976594,144.96100915632312,Hardware,894.0,10,3460
350E,-37.81370896096568,144.97144303945288,Windsor,647.0,34,1827
9449S,-37.83025691059972,144.96592472494694,Southbank,547.0,24,3022
797W,-37.81133408286653,144.9672999415161,Library,1221.0,14,2712
13246N,-37.819650615032266,144.94412266984102,Docklands,123.0,6,722
354E,-37.81365734952133,144.9714189663625,Windsor,647.0,34,1835
50E,-37.81255423389624,144.97371443651917,Twin Towers,1288.0,30,2191
13205S,-37.818699508844816,144.9480692234615,Docklands,123.0,6,685
C13660,-37.81992012179301,144.94350332364704,Docklands,123.0,6,3301
C2760,-37.80999152524813,144.97008170518802,Princes Theatre,894.0,19,3405
1437W,-37.8176752235288,144.9561932190673,Family,839.0,9,1257
13253S,-37.820139076856925,144.94306994818584,Docklands,123.0,6,728
C828,-37.8111871873981,144.96735757463318,Library,1221.0,14,4201
1773S,-37.81671305080848,144.9662354050186,Degraves,669.0,5,1361
2884N,-37.81086765834064,144.96676222197016,Library,894.0,14,1665
1738N,-37.81467179391356,144.97299752687928,Twin Towers,669.0,30,1359
4373W,-37.80967442993664,144.9609548476264,The Mac,627.0,28,2013
53W,-37.81098466579382,144.97276635860118,Princes Theatre,1288.0,19,2312
10179W,-37.80409428467373,144.94934440011033,Queensberry,641.0,20,57
4588E,-37.807509083041744,144.9659015100363,The Mac,1221.0,28,2079
C616,-37.80870382213347,144.96901957125945,Regency,647.0,22,3820
12455S,-37.812013091109314,144.97631518738513,Jolimont,1290.0,12,492
82E,-37.80895130061696,144.9720555618021,Regency,1288.0,22,2744
11888E,-37.8103812309428,144.97835064714633,Jolimont,869.0,12,213
C564,-37.809390705525495,144.96933508464863,Regency,647.0,22,3673
65W,-37.81024925218664,144.9724068013721,Princes Theatre,1288.0,19,2544
1858N,-37.81900860184379,144.95826153479936,Rialto,669.0,23,1390
C818,-37.811306870582015,144.96741221649182,Library,1221.0,14,4197
12267S,-37.809695213735374,144.97635254554928,Jolimont,16.0,12,359
7033S,-37.80756761596528,144.95852459525878,Victoria Market,1346.0,32,2585
12263S,-37.80968093049599,144.9762207656663,Jolimont,16.0,12,355
13329W,-37.818919687870896,144.9484019412546,Docklands,79.0,6,784
C526,-37.81040612819254,144.969800116436,Princes Theatre,647.0,19,3602
13576E,-37.82048180324988,144.94300424670655,Docklands,1241.0,6,906
13578E,-37.82037562853621,144.9429534353111,Docklands,1241.0,6,907
12326N,-37.80981909203891,144.97882786858963,East Melbourne,16.0,8,398
C2998,-37.81314433314145,144.95930670423226,Supreme,894.0,26,3472
45W,-37.81273971975593,144.97354924186772,Twin Towers,1288.0,30,2084
C300,-37.81475903372308,144.97180056446874,Hyatt,647.0,11,3473
5259W,-37.80482892995789,144.95725410049556,Courtney,520.0,4,2258
7588N,-37.80557195843196,144.9540493844294,Queensberry,1381.0,20,2630
5131W,-37.80315971154759,144.95702080097868,Courtney,1062.0,4,2202
8352E,-37.82413044871484,144.96857090890154,Southbank,591.0,24,2778
39W,-37.8138762842676,144.9741067388335,Twin Towers,1288.0,30,1997
12338N,-37.80988360867599,144.97942818232045,East Melbourne,16.0,8,409
C670,-37.81440744587311,144.96883413715778,City Square,1221.0,2,3928
13870N,-37.81399875590743,144.94169744220966,Docklands,164.0,6,1132
C806,-37.81137803962183,144.96744465926926,Library,1221.0,14,4187
13876N,-37.81392422823941,144.9418946761243,Docklands,164.0,6,1134
12465S,-37.81206441445708,144.97678342074843,Jolimont,1290.0,12,497
C700,-37.81416846060719,144.96872667926354,City Square,1221.0,2,4043
5130E,-37.80314504317407,144.95713937245526,Courtney,1062.0,4,2201
694E,-37.81404741601951,144.96879507487446,City Square,1221.0,2,2573
13201S,-37.81866469550648,144.9481893177745,Docklands,123.0,6,682
7670N,-37.80379541566404,144.95711263386738,Courtney,1175.0,4,2662
1812E,-37.81862485329621,144.9609048801169,Tavistock,957.0,27,1376
2357S,-37.81226560117923,144.97021696806928,Windsor,123.0,34,1532
5349W,-37.81024100004974,144.95559305978998,Mint,1428.0,18,2303
5246E,-37.80510084909001,144.95733287695558,Courtney,520.0,4,2252
916E,-37.81669895924068,144.96438558277046,Degraves,627.0,5,2912
13341W,-37.81925513693189,144.9484150365081,Docklands,79.0,6,796
1205W,-37.81263516737597,144.95949188923854,Titles,1171.0,29,297
13428E,-37.819999358638704,144.94819170152437,Docklands,1400.0,6,851
20E,-37.81447461364032,144.97460422199842,Twin Towers,1288.0,30,1469
8812E,-37.822795506928365,144.96678512086712,Southbank,828.0,24,2864
12260N,-37.80953633054144,144.97622742801062,Jolimont,16.0,12,354
C1208,-37.81255668246071,144.95958114405022,Titles,1171.0,29,3235
C13676,-37.81995237338607,144.94339242254446,Docklands,123.0,6,3305
12471S,-37.812095858047925,144.97707459631326,Jolimont,1290.0,12,500
12441S,-37.81194402378289,144.97568499510572,Jolimont,1290.0,12,481
1789S,-37.81739263117936,144.96389994005722,Banks,669.0,0,1366
8891W,-37.82483151243676,144.96125272000862,Southbank,202.0,24,2877
1316E,-37.81697864362968,144.9589223781182,RACV,1428.0,21,680
1975S,-37.81661140618488,144.96297711319318,Banks,528.0,0,1440
12483S,-37.812140974914605,144.97748766744454,Jolimont,1290.0,12,504
12477S,-37.812118245190256,144.97727994274808,Jolimont,1290.0,12,501
12381S,-37.81090674831546,144.97635418001985,Jolimont,178.0,12,444
12276N,-37.809657651388775,144.97735525082882,Jolimont,16.0,12,367
12384N,-37.81068356955564,144.9760056460139,Jolimont,178.0,12,446
6584N,-37.80825984138091,144.9597589397056,Titles,681.0,29,2541
8316E,-37.82513891855931,144.96826894263145,Southbank,591.0,24,2748
C2836,-37.810531749451776,144.96822558277887,Princes Theatre,894.0,19,3432
13030N,-37.82120416535764,144.94404860647222,Docklands,528.0,6,636
3406N,-37.81014835873373,144.96564175102992,Library,926.0,14,1763
5292E,-37.804434602338674,144.95746132566774,Courtney,520.0,4,2280
C2774,-37.8102605784755,144.969150932932,Princes Theatre,894.0,19,3409
5560E,-37.806440196389325,144.95410563214284,Queensberry,1428.0,20,2345
C13656,-37.81980390769762,144.94391087227396,Docklands,123.0,6,3300
3761S,-37.810060451283725,144.96247838008597,The Mac,856.0,28,1922
951W,-37.81305337978721,144.96250770939437,Chinatown,627.0,1,3037
13654E,-37.82030901142584,144.94548647784598,Docklands,697.0,6,963
1982N,-37.81661509572447,144.96239809594528,Banks,528.0,0,1445
12467S,-37.81207203309084,144.97685324023576,Jolimont,1290.0,12,498
427W,-37.81274444185388,144.97074694702602,Windsor,647.0,34,2006
11742E,-37.810315603298285,144.97565625972442,Jolimont,706.0,12,136
5267W,-37.80460801932074,144.95729634254496,Courtney,520.0,4,2265
12450N,-37.81192570588628,144.97656464025127,Jolimont,1290.0,12,489
11740E,-37.81034820909122,144.97565092653258,Jolimont,706.0,12,135
12387S,-37.81093348816137,144.9765959468366,Jolimont,178.0,12,448
12487S,-37.81215577393053,144.9776229495011,Jolimont,1290.0,12,506
1175W,-37.81356745048343,144.95991378250756,Hardware,1171.0,10,146
2551S,-37.81382556863488,144.9608583998361,Hardware,907.0,10,1604
13262N,-37.819949557664174,144.94309573752602,Docklands,123.0,6,733
1431W,-37.8180143762996,144.95634996048062,Family,839.0,9,1254
12437S,-37.81192834279011,144.9755427996227,Jolimont,1290.0,12,477
13371W,-37.81970875327762,144.9498029202517,Docklands,1383.0,6,822
10046N,-37.82306285821373,144.9656887185453,Southbank,1278.0,24,21
968E,-37.81168094321042,144.96208378814586,Library,627.0,14,3054
C1118,-37.814614956917545,144.9605224815833,Hardware,1171.0,10,3195
C1134,-37.814400894214025,144.96042410149624,Hardware,1171.0,10,3207
C1150,-37.81384622161008,144.96016937237133,Hardware,1171.0,10,3214
C1148,-37.81419054696461,144.96032713645818,Hardware,1171.0,10,3213
C268,-37.81526640040244,144.97203728531213,Hyatt,647.0,11,3382
C264,-37.81528916213118,144.97204782944476,Hyatt,647.0,11,3368
9515S,-37.82844186281385,144.96631405376309,Southbank,1007.0,24,3034
2E,-37.81494560936667,144.9748224536331,Twin Towers,1288.0,30,1678
13456E,-37.81948832930551,144.94863704898458,Docklands,79.0,6,867
11764E,-37.80995784030805,144.9757155010556,Jolimont,706.0,12,149
C336,-37.81441837632055,144.97164246205455,Hyatt,647.0,11,3549
6221W,-37.80611291596158,144.95089657784985,Queensberry,617.0,20,2474
12406N,-37.81076240555533,144.97673109516006,Jolimont,178.0,12,462
1900N,-37.81379595725864,144.97204452247968,Twin Towers,528.0,30,1408
13424E,-37.81991272957934,144.94809973740968,Docklands,1400.0,6,849
4003W,-37.807822813088414,144.96010770734512,Victoria Market,627.0,32,2000
11756E,-37.81008794662614,144.9756939864372,Jolimont,706.0,12,144
6517S,-37.80771287860462,144.9623268755939,The Mac,681.0,28,2525
7335W,-37.80545402506528,144.94923493373912,West Melbourne,839.0,33,2607
7325W,-37.80563667842449,144.94924192693372,West Melbourne,839.0,33,2604
8471W,-37.82540532803349,144.96668318110062,Southbank,1323.0,24,2787
C5864,-37.80523878292829,144.95375936377002,Queensberry,798.0,20,3746
8648E,-37.82555701388723,144.96269083663972,Southbank,828.0,24,2828
C146,-37.80861319837623,144.9717777829774,Regency,1288.0,22,3321
C304,-37.81473778811464,144.97179072888574,Hyatt,647.0,11,3484
791W,-37.811494435949896,144.96737383811364,Library,1221.0,14,2709
6525S,-37.80784257271553,144.96188044814198,The Mac,681.0,28,2528
12481S,-37.81213380690652,144.97742213666015,Jolimont,1290.0,12,503
C276,-37.81522059173017,144.9720163010626,Hyatt,647.0,11,3404
13402E,-37.8191396082871,144.94727703853468,Docklands,1400.0,6,836
13621W,-37.81944630805836,144.94347877311682,Docklands,998.0,6,928
3420N,-37.81036492945085,144.9649020084176,Library,926.0,14,1774
2561S,-37.81410437284021,144.9599280225404,Supreme,907.0,26,1610
55W,-37.81093347683807,144.9727444644079,Princes Theatre,1288.0,19,2356
5988N,-37.80968753609204,144.95913984200095,Titles,5.0,29,2404
812E,-37.81129716567956,144.967533265108,Library,1221.0,14,2733
C548,-37.80957987787612,144.9694220629037,Regency,647.0,22,3623
8883W,-37.824982808080016,144.9610747837695,Southbank,202.0,24,2873
979W,-37.81855685239457,144.9622069926004,Banks,1171.0,0,3057
12307S,-37.80984609917802,144.97774181426442,Jolimont,16.0,12,388
13241S,-37.82004168040872,144.943404466561,Docklands,123.0,6,719
C810,-37.81135346943457,144.96743345892838,Library,1221.0,14,4195
C9122,-37.79840475600588,144.96477329313018,University,655.0,31,4237
13774E,-37.81335866708881,144.93930852992094,Docklands,1398.0,6,1053
13373W,-37.819756112152746,144.94984025917256,Docklands,1383.0,6,823
13420E,-37.819826100923,144.94800755067544,Docklands,1400.0,6,847
12273S,-37.809716470230185,144.9765487760604,Jolimont,16.0,12,365
5050E,-37.80528745757218,144.9581284479058,Courtney,1062.0,4,2170
13808N,-37.81422996696687,144.93883268764188,Docklands,590.0,6,1076
11931W,-37.81556242402919,144.98255677749978,East Melbourne,511.0,8,232
816E,-37.811246410797146,144.96750981366458,Library,1221.0,14,2734
12435S,-37.81191989668511,144.97546605003132,Jolimont,1290.0,12,475
C2790,-37.81032953585108,144.96891681665525,Princes Theatre,894.0,19,3416
10009W,-37.8045890788931,144.9477275879944,Queensberry,562.0,20,4
C9174,-37.7984588240208,144.9652711869613,University,655.0,31,4250
10177W,-37.80414887713744,144.9493349031893,Queensberry,641.0,20,55
1810E,-37.81867482920872,144.9609274641939,Tavistock,957.0,27,1374
12469S,-37.812079346392544,144.97691974555838,Jolimont,1290.0,12,499
13642E,-37.82010084378015,144.94445167844503,Docklands,810.0,6,951
4559W,-37.808672063093056,144.96608250191568,The Mac,1221.0,28,2070
12479S,-37.812126297815965,144.97735350944217,Jolimont,1290.0,12,502
6225W,-37.80607035366502,144.95087711825312,Queensberry,617.0,20,2476
13760E,-37.81226299584999,144.93622680144077,Docklands,1097.0,6,1040
83W,-37.80903752306676,144.97184785370482,Regency,1288.0,22,2780
12042E,-37.81254118543957,144.98330593647106,East Melbourne,511.0,8,286
5123W,-37.803363543058055,144.95711639661002,Courtney,1062.0,4,2200
13322E,-37.81819067770749,144.94645995311902,Docklands,753.0,6,778
13356E,-37.8219871231984,144.94778415125091,Docklands,753.0,6,811
10003S,-37.823615195660295,144.96940349360915,Southbank,1278.0,24,1
13656E,-37.819972188320335,144.94539787913808,Docklands,697.0,6,965
C1126,-37.814521829245855,144.9604796397407,Hardware,1171.0,10,3203
C13716,-37.82005535339052,144.94303831911287,Docklands,123.0,6,3315
C348,-37.81434286484805,144.97160781773204,Hyatt,647.0,11,3552
13043S,-37.82126341998519,144.94687494394026,Docklands,528.0,6,648
11879W,-37.81123544609824,144.97796886555514,Jolimont,869.0,12,205
3433S,-37.81078860313149,144.96364732449337,Library,926.0,14,1782
13675W,-37.82102321088048,144.9462295364608,Docklands,1043.0,6,980
C13504,-37.819227968886416,144.9459026016976,Docklands,123.0,6,3265
1232E,-37.81218175067056,144.95953740453774,Titles,1171.0,29,402
5146E,-37.80290517643047,144.95702786120538,Courtney,1062.0,4,2214
2359S,-37.81228372931221,144.97015277496706,Windsor,123.0,34,1533
C13692,-37.81999578991213,144.9432431373281,Docklands,123.0,6,3309
914E,-37.81675308778094,144.96441038238697,Degraves,627.0,5,2911
C790,-37.811570571089455,144.96753234404272,Library,1221.0,14,4156
C9158,-37.79844107478208,144.96510894917088,University,655.0,31,4246
12398N,-37.810732652757935,144.9764568695379,Jolimont,178.0,12,456
13470E,-37.81868029068985,144.9497962450887,Docklands,49.0,6,876
2344N,-37.81182606166181,144.9711620883174,Windsor,123.0,34,1526
11881W,-37.81118103201753,144.97797804080977,Jolimont,869.0,12,207
334E,-37.81438811875528,144.97175577002062,Hyatt,647.0,11,1743
13334E,-37.81668191268675,144.9457937923421,Docklands,753.0,6,789
C248,-37.81543356901816,144.97211462299592,Hyatt,647.0,11,3362
775W,-37.812217542615215,144.96770542370388,Chinatown,1221.0,1,2684
11812E,-37.8138383290714,144.97777011403244,Jolimont,869.0,12,170
9230N,-37.83129988840992,144.9662656667809,Southbank,597.0,24,2925
C13572,-37.81947538857838,144.94504612163064,Docklands,123.0,6,3279
425W,-37.81279514213834,144.97077058612498,Windsor,647.0,34,2005
12360N,-37.81023444177016,144.98259797710762,East Melbourne,16.0,8,431
11722E,-37.80997391778215,144.97297311104433,Jolimont,1054.0,12,131
C13720,-37.820063418455405,144.94301059305812,Docklands,123.0,6,3316
11810E,-37.813890136443646,144.9777614825774,Jolimont,869.0,12,169
13670E,-37.8209831564256,144.9454158470241,Docklands,826.0,6,978
12268N,-37.809628446101534,144.9770851872198,Jolimont,16.0,12,360
8346E,-37.82433485577197,144.9685114611339,Southbank,591.0,24,2775
3959S,-37.81274497508679,144.95317461334346,Magistrates,856.0,15,1981
7039S,-37.80762337918691,144.9583329133774,Victoria Market,1346.0,32,2588
2338N,-37.8117490493211,144.97142370824756,Windsor,123.0,34,1520
13301S,-37.82234164036471,144.946869916901,Docklands,1043.0,6,749
3424N,-37.81040230063579,144.96477289724527,Library,926.0,14,1776
C340,-37.81439207107357,144.97163043963758,Hyatt,647.0,11,3550
9222N,-37.831257558182735,144.9664099517392,Southbank,597.0,24,2921
85W,-37.80898703312339,144.9718244329853,Regency,1288.0,22,2807
8871W,-37.82543122206522,144.96054694628188,Southbank,202.0,24,2868
771W,-37.81231930547644,144.9677514222591,Chinatown,1221.0,1,2675
11873W,-37.81139863034911,144.97794133107868,Jolimont,869.0,12,200
1908N,-37.814445364096365,144.96984329198955,Hyatt,528.0,11,1411
962E,-37.811799006985545,144.96213854762328,Library,627.0,14,3052
13629W,-37.82039383410654,144.94448538974817,Docklands,810.0,6,936
C9202,-37.79848480646728,144.9655168513199,University,655.0,31,4257
13853S,-37.814113717132095,144.94156827650258,Docklands,164.0,6,1118
686E,-37.81414395110353,144.96883930604304,City Square,1221.0,2,2571
9294N,-37.82908477361024,144.96953427744694,Southbank,547.0,24,2962
9296N,-37.82908914685032,144.96950626699916,Southbank,547.0,24,2963
C404,-37.8129631780847,144.97097425005776,Windsor,647.0,34,3563
12280N,-37.80967216186389,144.97749029876567,Jolimont,16.0,12,371
1863S,-37.81931040251153,144.95758243964036,Rialto,669.0,23,1392
8342E,-37.82444458355711,144.96847830746682,Southbank,591.0,24,2771
13207S,-37.81874163684199,144.94792384000175,Docklands,123.0,6,686
C9102,-37.79838809150849,144.96461950098268,University,655.0,31,4232
13474E,-37.8187948047274,144.94988619155254,Docklands,49.0,6,878
7666N,-37.80386479655629,144.9577258460825,Courtney,1175.0,4,2659
13426E,-37.81995604389223,144.94814583143113,Docklands,1400.0,6,850
13802N,-37.8138150971986,144.94007283403153,Docklands,590.0,6,1074
11894E,-37.81022932992511,144.97837617361188,Jolimont,869.0,12,219
C252,-37.815410695728495,144.9721041914934,Hyatt,647.0,11,3363
13782E,-37.81278165170125,144.93895932366368,Docklands,1398.0,6,1060
2129S,-37.81248834158698,144.97302521888744,Twin Towers,911.0,30,1472
12330N,-37.80983351560217,144.9789629624881,East Melbourne,16.0,8,403
C13568,-37.81946622144212,144.94507795462786,Docklands,123.0,6,3278
C272,-37.81524344883161,144.97202679261656,Hyatt,647.0,11,3393
5990N,-37.80970558494704,144.9590774502592,Titles,5.0,29,2407
4825W,-37.81079500744698,144.95865891936882,Titles,1171.0,29,2116
C1132,-37.814425437360775,144.96043539605145,Hardware,1171.0,10,3206
C1142,-37.81428287071085,144.96036959632758,Hardware,1171.0,10,3210
961W,-37.81196495577785,144.9620053885929,Library,627.0,14,3051
C1252,-37.81184242596469,144.9592572232143,Titles,1171.0,29,3253
12331S,-37.81000436632493,144.97918843064932,East Melbourne,16.0,8,404
C1274,-37.81160478799893,144.9591486176341,Titles,1171.0,29,3261
1211W,-37.81247081755339,144.9594171334325,Titles,1171.0,29,317
13361W,-37.81908992478574,144.94931493665388,Docklands,1383.0,6,817
4835W,-37.81054274045034,144.95854346506118,Titles,1171.0,29,2122
12089W,-37.81094090381197,144.98333865476195,East Melbourne,511.0,8,312
13213S,-37.81879341752406,144.94774482362112,Docklands,123.0,6,690
13215S,-37.81881017217697,144.94768727116698,Docklands,123.0,6,692
C1168,-37.81361222421423,144.96006313613353,Hardware,1171.0,10,3224
6024N,-37.81038670253007,144.95669182016218,Mint,5.0,18,2432
C1206,-37.81257998170153,144.95959176751637,Titles,1171.0,29,3234
C1210,-37.81250888858073,144.95955935190364,Titles,1171.0,29,3236
C1156,-37.81377717414311,144.96013806255155,Hardware,1171.0,10,3217
C1216,-37.81243891726773,144.95952744729686,Titles,1171.0,29,3239
908E,-37.816913891659134,144.96448428294315,Degraves,627.0,5,2900
C1222,-37.8123432545454,144.9594838294199,Titles,1171.0,29,3242
C1218,-37.812416814759146,144.95951736968289,Titles,1171.0,29,3240
13332E,-37.816737889952776,144.94581850953125,Docklands,753.0,6,787
5138E,-37.80299676769111,144.95707038938,Courtney,1062.0,4,2207
13745W,-37.81354017334248,144.9392991427561,Docklands,1398.0,6,1024
1213W,-37.81242158994876,144.9593950029535,Titles,1171.0,29,318
13369W,-37.819614033693405,144.9497282425382,Docklands,1383.0,6,821
5188E,-37.81105803441656,144.95744272881174,Hyatt,1433.0,11,2232
11703W,-37.81015219820939,144.9727113691276,Jolimont,1054.0,12,120
5182E,-37.811155371438495,144.95748749099874,Mint,1433.0,18,2229
C2962,-37.8127954505204,144.96054155434524,Hardware,894.0,10,3466
C1238,-37.812202190059296,144.95941951016198,Titles,1171.0,29,3247
1552E,-37.81225820585685,144.95114085378754,West Melbourne,1285.0,33,1309
C2940,-37.812640115587314,144.961075738894,Hardware,894.0,10,3458
C1224,-37.812319955746354,144.95947320601914,Titles,1171.0,29,3243
C1140,-37.81430566607629,144.9603801373558,Hardware,1171.0,10,3209
C1162,-37.813683470397,144.96009546501756,Hardware,1171.0,10,3221
C2958,-37.81276861128343,144.96063455316704,Hardware,894.0,10,3463
13269S,-37.81959089784034,144.94917144120618,Docklands,1457.0,6,736
C1214,-37.812461443505256,144.95953771885178,Titles,1171.0,29,3238
2553S,-37.813861602703135,144.9607337370378,Hardware,907.0,10,1605
13868N,-37.81402453733948,144.94162947523438,Docklands,164.0,6,1130
C1190,-37.81337904315351,144.95995765570768,Hardware,1171.0,10,3230
12269S,-37.80970230785536,144.9764181417802,Jolimont,16.0,12,361
C1144,-37.81426002039709,144.96035910621288,Hardware,1171.0,10,3211
5058E,-37.80516415538277,144.958071845866,Courtney,1062.0,4,2172
C822,-37.8112575098866,144.96738963162676,Library,1221.0,14,4198
8893W,-37.824793384099934,144.96129747483866,Southbank,202.0,24,2878
13346E,-37.81584632484113,144.94542564466076,Docklands,753.0,6,801
13375W,-37.819814166050726,144.949885833992,Docklands,1383.0,6,824
7146N,-37.80845438331892,144.95239578991172,Queensberry,1391.0,20,2601
5261W,-37.80477370252663,144.9572646610281,Courtney,520.0,4,2260
11752E,-37.8101529993364,144.9756832293735,Jolimont,706.0,12,142
779W,-37.812166662691226,144.96768232456384,Chinatown,1221.0,1,2687
9451S,-37.83026756056421,144.96588792030695,Southbank,547.0,24,3023
C552,-37.80950116178367,144.96938587111197,Regency,647.0,22,3635
C13552,-37.81935188276865,144.94547304889073,Docklands,123.0,6,3276
1734N,-37.814634327465065,144.9731253412993,Twin Towers,669.0,30,1357
9457S,-37.83029811949213,144.96578230858955,Southbank,547.0,24,3026
12404N,-37.81075417518851,144.9766552194074,Jolimont,178.0,12,461
2348N,-37.81186443337508,144.97103114566687,Windsor,123.0,34,1529
2339S,-37.811904913868496,144.97144518199067,Windsor,123.0,34,1521
330E,-37.81443886055087,144.97177926652813,Hyatt,647.0,11,1722
7035S,-37.80758625533919,144.95846052404136,Victoria Market,1346.0,32,2586
10116E,-37.803361894255374,144.94817847650577,Queensberry,562.0,20,32
11786E,-37.8110279506238,144.97557498790297,Jolimont,1090.0,12,158
11901W,-37.81016197421118,144.97814624541869,Jolimont,869.0,12,226
C2796,-37.8103553865409,144.9688283133164,Princes Theatre,894.0,19,3419
13223S,-37.81893005780779,144.94726743053184,Docklands,123.0,6,701
C1258,-37.81174752234433,144.95921381057883,Titles,1171.0,29,3256
C1166,-37.81363641089597,144.96007415293738,Hardware,1171.0,10,3223
13251S,-37.82011525242285,144.9431517749976,Docklands,123.0,6,727
1896N,-37.81375871902004,144.97217176465608,Twin Towers,528.0,30,1403
13330E,-37.81679386767447,144.94584322676857,Docklands,753.0,6,785
C572,-37.80933865127291,144.9693111507044,Regency,647.0,22,3705
13228N,-37.81937047550437,144.94509544088544,Docklands,123.0,6,706
6231W,-37.80598364258395,144.95083812202822,Queensberry,617.0,20,2478
909W,-37.81691518843145,144.96427959363282,Banks,627.0,0,2901
7784N,-37.80243112433208,144.94482481471815,Queensberry,1175.0,20,2686
11766E,-37.80992531283371,144.9757208795518,Jolimont,706.0,12,150
C7752,-37.803111861687725,144.9501632705215,Queensberry,1175.0,20,4149
12279S,-37.80973762662149,144.97674397520422,Jolimont,16.0,12,370
1157W,-37.81377750455344,144.96001017219652,Hardware,1171.0,10,112
13221S,-37.81891315906479,144.94732672561452,Docklands,123.0,6,699
12270N,-37.809635839965736,144.97715270365185,Jolimont,16.0,12,362
2563S,-37.81412238982544,144.95986619181224,Supreme,907.0,26,1611
13634E,-37.818981740877454,144.94429122553967,Docklands,638.0,6,942
789W,-37.811548168895655,144.96739859882695,Library,1221.0,14,2707
C13500,-37.81921925563199,144.9459328911147,Docklands,123.0,6,3264
C280,-37.81519773335503,144.9720058032083,Hyatt,647.0,11,3420
11883W,-37.81075572471632,144.97804816110482,Jolimont,869.0,12,209
13486E,-37.81960518932283,144.95052582939485,Docklands,49.0,6,884
1973S,-37.816592893156646,144.96304075387678,Banks,528.0,0,1439
13399W,-37.82131491420589,144.95106735815125,Docklands,1383.0,6,832
1849S,-37.81883675870308,144.95921411832094,Rialto,669.0,23,1388
5094E,-37.80445522391068,144.95774694686023,Courtney,1062.0,4,2188
673W,-37.81441285118812,144.9687143950839,City Square,1221.0,2,2567
13632E,-37.81903333096145,144.9443150574713,Docklands,638.0,6,940
1662N,-37.81857742704948,144.9632571583603,Banks,670.0,0,1337
13685W,-37.820451098685886,144.94607848013453,Docklands,1043.0,6,986
13786E,-37.812615988462,144.93885909853066,Docklands,1398.0,6,1063
13790E,-37.81250226856727,144.93879045292542,Docklands,1398.0,6,1068
13303S,-37.82233066659623,144.9467861424736,Docklands,1043.0,6,752
690E,-37.814095683783655,144.96881719043878,City Square,1221.0,2,2572
13240N,-37.81959520976383,144.9443123803994,Docklands,123.0,6,718
5290E,-37.80445739912194,144.95745700806316,Courtney,520.0,4,2279
2845S,-37.81065640755436,144.9681508853617,Princes Theatre,894.0,19,1650
2853S,-37.810732691242414,144.9678928277387,Princes Theatre,894.0,19,1656
14008E,-37.79852922540261,144.95791370508155,University,1218.0,31,1169
3940N,-37.81228549681919,144.95430806340084,Magistrates,856.0,15,1969
11871W,-37.811453038597854,144.9779321559351,Jolimont,869.0,12,198
C13536,-37.819307710652055,144.94562616376516,Docklands,123.0,6,3272
C13600,-37.81954632976269,144.94480099139082,Docklands,123.0,6,3286
13478E,-37.81938413996068,144.95035034266868,Docklands,49.0,6,880
7741S,-37.80323523134001,144.9504105756235,Queensberry,1175.0,20,2683
6259S,-37.80772157855815,144.96626523007518,Regency,941.0,22,2492
13462E,-37.82005375632825,144.94865885967275,Docklands,79.0,6,871
13310N,-37.82225468228985,144.94684850030288,Docklands,1043.0,6,764
13643W,-37.82061380616932,144.94546998172984,Docklands,697.0,6,952
8651W,-37.82556051598317,144.96248921246038,Southbank,828.0,24,2831
11933W,-37.81551182316422,144.98256534924485,East Melbourne,511.0,8,233
3327S,-37.80883829757813,144.97030630138187,Regency,926.0,22,1731
C2664,-37.80966733550447,144.9711889264807,Princes Theatre,894.0,19,3379
11961W,-37.814788281680734,144.98268847750592,East Melbourne,511.0,8,247
11502N,-37.811543389853135,144.9527237436592,West Melbourne,818.0,33,99
13034N,-37.82117319038632,144.94391931390288,Docklands,528.0,6,640
C13672,-37.819944311871296,144.94342014850724,Docklands,123.0,6,3304
2565S,-37.814240261289314,144.95946211686638,Supreme,907.0,26,1612
C13524,-37.81928017725922,144.9457215332914,Docklands,123.0,6,3269
C6822,-37.80950645408079,144.9556160095626,Victoria Market,681.0,32,3968
8713W,-37.824766985537394,144.9633923689803,Southbank,828.0,24,2858
C9130,-37.79841124372694,144.96483415326622,University,655.0,31,4239
C1122,-37.81457006933502,144.96050183932255,Hardware,1171.0,10,3200
C488,-37.81075788130909,144.96996162904333,Princes Theatre,647.0,19,3588
C13520,-37.81926491052581,144.94577454484752,Docklands,123.0,6,3268
46E,-37.81266035946352,144.9737636267444,Twin Towers,1288.0,30,2111
C7028,-37.80742552845439,144.95868946068268,Victoria Market,1346.0,32,4049
13671W,-37.82099788099109,144.94532421874823,Docklands,826.0,6,979
11744E,-37.810283032684495,144.97566159235555,Jolimont,706.0,12,137
13652E,-37.820375133131975,144.94550372631295,Docklands,697.0,6,961
10191W,-37.80377542661585,144.94940056369146,Queensberry,641.0,20,68
2376N,-37.812214827862256,144.9698362138891,Windsor,123.0,34,1537
13701W,-37.81975103837492,144.94589560870062,Docklands,1043.0,6,995
13466E,-37.82016452130774,144.9486632203689,Docklands,79.0,6,873
6531S,-37.80786126915508,144.96181583077882,The Mac,681.0,28,2529
13866N,-37.81405078242651,144.9415608195564,Docklands,164.0,6,1129
4860E,-37.80947357698816,144.95830209015045,Titles,1171.0,29,2128
1192E,-37.81331958123158,144.96005673276986,Hardware,1171.0,10,231
13307W,-37.82052059935896,144.94720592383425,Docklands,753.0,6,759
5386E,-37.80553776921345,144.9562150278937,Courtney,1101.0,4,2311
13810N,-37.814252621602655,144.93876275375987,Docklands,590.0,6,1078
1977S,-37.81662994246625,144.96291312514631,Banks,528.0,0,1441
13663W,-37.82122289986236,144.94538264029478,Docklands,826.0,6,972
2849S,-37.81069421799198,144.96802266201686,Princes Theatre,894.0,19,1653
C676,-37.81433785003691,144.96880285791764,City Square,1221.0,2,3953
C1230,-37.812274066146685,144.95945235663586,Titles,1171.0,29,3245
7331W,-37.805528450385,144.94922460592483,West Melbourne,839.0,33,2605
2336N,-37.8117310378866,144.97148422841045,Windsor,123.0,34,1518
2137S,-37.81273419549444,144.97218434963315,Twin Towers,911.0,30,1473
12358N,-37.81022689331353,144.9825304878785,East Melbourne,16.0,8,429
11979W,-37.81432259979353,144.9827679803555,East Melbourne,511.0,8,256
8649W,-37.825580522305216,144.9624657415239,Southbank,828.0,24,2829
C412,-37.81291066385353,144.97095036435846,Windsor,647.0,34,3565
12091W,-37.8108892125202,144.9833470257894,East Melbourne,511.0,8,313
2510N,-37.81088261236893,144.97075236531177,Princes Theatre,907.0,19,1595
12366N,-37.81028296754023,144.9830374534246,East Melbourne,16.0,8,436
9232N,-37.83130988071662,144.96623160662682,Southbank,597.0,24,2926
11929W,-37.8156116514398,144.9825483658929,East Melbourne,511.0,8,230
13232N,-37.81940787606811,144.94496637047354,Docklands,123.0,6,710
13484E,-37.819541770192366,144.95047574201627,Docklands,49.0,6,883
1723S,-37.81438924924985,144.97416454685344,Twin Towers,669.0,30,1353
13723W,-37.81229556053681,144.93613057699673,Docklands,1097.0,6,1010
2555S,-37.81387885200329,144.96067396601816,Hardware,907.0,10,1606
2557S,-37.81389608901581,144.96061419972298,Hardware,907.0,10,1607
C2756,-37.80998399916943,144.97010747368216,Princes Theatre,894.0,19,3403
C9114,-37.798398246403714,144.9647112405815,University,655.0,31,4235
C1130,-37.81444955808994,144.96044649611338,Hardware,1171.0,10,3205
C8056,-37.810701956479306,144.95165535722757,West Melbourne,78.0,33,4185
11707W,-37.810044721260994,144.97272747287184,Jolimont,1054.0,12,123
338E,-37.81433737697508,144.97173227240853,Hyatt,647.0,11,1754
18E,-37.81452914336777,144.9746295520864,Twin Towers,1288.0,30,1407
12087W,-37.81099085385368,144.98333038070862,East Melbourne,511.0,8,311
C2838,-37.81054078136737,144.9681946831721,Princes Theatre,894.0,19,3433
7597S,-37.80534515289085,144.9503473572917,Queensberry,1381.0,20,2636
13336E,-37.81662593495585,144.94576907575632,Docklands,753.0,6,790
13912E,-37.813905753953854,144.94127258566988,Docklands,1227.0,6,1152
13444E,-37.81916413412791,144.94862454027677,Docklands,79.0,6,861
13312N,-37.822240565681255,144.9467610804663,Docklands,1043.0,6,767
10198E,-37.80357973082905,144.94962510604972,Queensberry,641.0,20,75
C2860,-37.81064866737597,144.96782792645175,Princes Theatre,894.0,19,3441
12073W,-37.81137241921245,144.98326684358074,East Melbourne,511.0,8,304
12046E,-37.81233742102261,144.98334238469334,East Melbourne,511.0,8,289
4852E,-37.809668939997785,144.9583907734873,Titles,1171.0,29,2124
5072E,-37.80495738619153,144.95797680186286,Courtney,1062.0,4,2178
C830,-37.81116388797592,144.9673469528956,Library,1221.0,14,4202
10338E,-37.80342859284304,144.9439571059747,Queensberry,917.0,20,84
12057W,-37.812153179855024,144.9831362214569,East Melbourne,511.0,8,295
13410E,-37.81931645734676,144.94746494530906,Docklands,1400.0,6,841
13304N,-37.82179702903255,144.95081395825218,Docklands,974.0,6,755
13418E,-37.81978278610938,144.94796145681474,Docklands,1400.0,6,846
12369S,-37.81013766715739,144.9804022345059,East Melbourne,16.0,8,438
13041S,-37.82124274625488,144.94694655020646,Docklands,528.0,6,646
13796E,-37.8123321310828,144.93868744245725,Docklands,1398.0,6,1073
2856N,-37.81055560494365,144.9678236997439,Princes Theatre,894.0,19,1658
1847S,-37.81881749128829,144.95928018071942,Rialto,669.0,23,1387
793W,-37.81144071027408,144.96734907583,Library,1221.0,14,2710
742E,-37.81335969196184,144.96847993094025,Chinatown,1221.0,1,2610
11726E,-37.80986458310545,144.97298774989667,Jolimont,1054.0,12,133
977W,-37.8186076571405,144.962230274096,Banks,1171.0,0,3056
79W,-37.809861772782455,144.9722262431551,Princes Theatre,1288.0,19,2713
13617W,-37.81962995415189,144.94356288788055,Docklands,998.0,6,924
1916N,-37.81454685704701,144.96949993064857,Hyatt,528.0,11,1413
13667W,-37.82111078040641,144.94535296783442,Docklands,826.0,6,975
C7136,-37.8084310108724,144.9527013175193,Queensberry,1391.0,20,4059
1451W,-37.81689136912333,144.95583662963546,Family,839.0,9,1265
13725W,-37.81224102876845,144.9360987642752,Docklands,1097.0,6,1012
5066E,-37.80506700905272,144.95802706944522,Courtney,1062.0,4,2176
11503S,-37.811546274948576,144.95312951441932,West Melbourne,818.0,33,100
13681W,-37.82086053022649,144.9461877051497,Docklands,1043.0,6,984
12364N,-37.81026319397103,144.98285756108538,East Melbourne,16.0,8,435
6625S,-37.808520094652366,144.95954463796903,Titles,681.0,29,2549
682E,-37.81419687510376,144.96886355574097,City Square,1221.0,2,2570
C826,-37.81121091102701,144.9673683886752,Library,1221.0,14,4200
C522,-37.810431959196016,144.96981193720922,Princes Theatre,647.0,19,3601
C2800,-37.81036428788403,144.9687978547135,Princes Theatre,894.0,19,3421
C236,-37.81553015751128,144.97215866134673,Hyatt,647.0,11,3359
C6636,-37.80849716973863,144.95928147553542,Titles,681.0,29,3907
12085W,-37.81104160311037,144.98332184983352,East Melbourne,511.0,8,310
13203S,-37.8186821024166,144.94812927062526,Docklands,123.0,6,683
13687W,-37.8203897398962,144.94606245414275,Docklands,1043.0,6,987
5282E,-37.80454551135064,144.9574401771439,Courtney,520.0,4,2275
2843S,-37.81063763930144,144.96821476835882,Princes Theatre,894.0,19,1649
13697W,-37.819858533470565,144.94592368210786,Docklands,1043.0,6,992
6253S,-37.80768038391391,144.96640504611318,Regency,941.0,22,2487
342E,-37.81428663426061,144.97170877481494,Hyatt,647.0,11,1779
5271W,-37.80449756443136,144.9573174628841,Courtney,520.0,4,2269
5098E,-37.804412030760886,144.95772746578052,Courtney,1062.0,4,2190
C568,-37.80936488982164,144.96932321495444,Regency,647.0,22,3690
C688,-37.8142397294038,144.9687587104906,City Square,1221.0,2,3993
C13644,-37.81977373071475,144.9440145055217,Docklands,123.0,6,3297
C13576,-37.81948453280296,144.94501450451153,Docklands,123.0,6,3280
7680N,-37.803750777016575,144.9567101237099,Courtney,1175.0,4,2669
13222N,-37.818765693558895,144.9471603780703,Docklands,123.0,6,700
13032N,-37.82118881864105,144.94398454955126,Docklands,528.0,6,638
13635W,-37.82012665834913,144.9443629710079,Docklands,810.0,6,943
2795S,-37.81048682110868,144.9687281156743,Princes Theatre,894.0,19,1641
13619W,-37.819580262591984,144.94354010609712,Docklands,998.0,6,926
7660N,-37.80495487459985,144.95670063806827,Courtney,1157.0,4,2654
37W,-37.813925326184936,144.97412948985144,Twin Towers,1288.0,30,1931
C256,-37.815334878423634,144.97206877950458,Hyatt,647.0,11,3364
7592N,-37.805235248863546,144.9510389304511,Queensberry,1381.0,20,2632
C560,-37.80944783807895,144.96936135341883,Regency,647.0,22,3658
C588,-37.80898079062021,144.96914699526502,Regency,647.0,22,3753
5121W,-37.803410884447096,144.95713839031447,Courtney,1062.0,4,2199
C680,-37.81428852568912,144.96878064119258,City Square,1221.0,2,3961
2814N,-37.81032823140021,144.96859771982054,Princes Theatre,894.0,19,1643
C814,-37.81133017001849,144.96742283713283,Library,1221.0,14,4196
C684,-37.814263499736974,144.9687693934579,City Square,1221.0,2,3977
2141S,-37.81276844591305,144.97206714143104,Twin Towers,911.0,30,1475
C674,-37.81436063676442,144.96881309873692,City Square,1221.0,2,3943
C2858,-37.81063979049269,144.96785828450328,Princes Theatre,894.0,19,3440
12362N,-37.810256224777866,144.98279457344083,East Melbourne,16.0,8,433
C6400,-37.803750050161455,144.95100527683002,Queensberry,881.0,20,3860
795W,-37.81138739382134,144.96732451137103,Library,1221.0,14,2711
10122E,-37.80319151711547,144.948209001216,Queensberry,562.0,20,38
9447S,-37.830246390335695,144.9659610829001,Southbank,547.0,24,3021
13610E,-37.8202094306872,144.94395852650013,Docklands,998.0,6,920
C152,-37.80854402117862,144.97174607257756,Regency,1288.0,22,3324
C9142,-37.798424358368734,144.9649562824252,University,655.0,31,4242
C666,-37.81445232772085,144.96885430889915,City Square,1221.0,2,3919
C13516,-37.81925559527736,144.94580653889028,Docklands,123.0,6,3267
C13584,-37.81950281823193,144.94495134353332,Docklands,123.0,6,3282
13586E,-37.81967337840906,144.942656965409,Docklands,558.0,6,911
13612E,-37.82009630817032,144.94390886782145,Docklands,998.0,6,921
13230N,-37.81938963907055,144.9450293121314,Docklands,123.0,6,708
13331W,-37.81897597221868,144.9484041845295,Docklands,79.0,6,786
6621S,-37.808482050941095,144.95967700708283,Titles,681.0,29,2547
13699W,-37.81980503575675,144.94590963084886,Docklands,1043.0,6,993
C2724,-37.80990273880823,144.97038501897038,Princes Theatre,894.0,19,3395
12485S,-37.812148389710366,144.9775554475019,Jolimont,1290.0,12,505
C512,-37.81054116756757,144.9698621573205,Princes Theatre,647.0,19,3598
C996,-37.81847630893003,144.96229607330122,Banks,1171.0,0,4259
13045S,-37.82128409413096,144.94680333651272,Docklands,528.0,6,650
1209W,-37.81253493792048,144.95944699590956,Titles,1171.0,29,316
10178E,-37.80410451447679,144.94953261336823,Queensberry,641.0,20,56
12069W,-37.811837810770655,144.98318875471043,East Melbourne,511.0,8,302
13472E,-37.818729567593714,144.94983508237792,Docklands,49.0,6,877
13300E,-37.82024227466803,144.94731644690785,Docklands,753.0,6,748
13381W,-37.82039783690817,144.95034614816558,Docklands,1383.0,6,828
13794E,-37.81238796602789,144.9387212494031,Docklands,1398.0,6,1072
13638E,-37.82031363905712,144.94455076769842,Docklands,810.0,6,946
9437S,-37.83019364257427,144.96614337816018,Southbank,547.0,24,3016
770E,-37.81246042749984,144.96806467179186,Chinatown,1221.0,1,2674
5264E,-37.804819227606735,144.95738798735076,Courtney,520.0,4,2262
C2642,-37.80955854387359,144.9715607492468,Princes Theatre,894.0,19,3370
C6414,-37.803587870184494,144.95103430187015,Queensberry,881.0,20,3866
C308,-37.81471636126032,144.97178060519954,Hyatt,647.0,11,3495
C692,-37.814215967685655,144.9687480312692,City Square,1221.0,2,4009
C592,-37.80892154574239,144.96911973854142,Regency,647.0,22,3764
13328E,-37.81684984494117,144.94586794402903,Docklands,753.0,6,783
1736N,-37.81465306134851,144.97306143181544,Twin Towers,669.0,30,1358
101W,-37.80825367413996,144.9714848508682,Regency,1288.0,22,77
12044E,-37.81240391608255,144.98333221963205,East Melbourne,511.0,8,287
13015S,-37.81996559890353,144.95136180343394,Docklands,528.0,6,628
C260,-37.815312019230106,144.9720582827795,Hyatt,647.0,11,3365
C696,-37.81419221506229,144.96873735459658,City Square,1221.0,2,4026
76E,-37.809829786216,144.9723249886706,Princes Theatre,1288.0,19,2673
2337S,-37.811887773314986,144.97150377912513,Windsor,123.0,34,1519
7019S,-37.80743172163747,144.958993509489,Victoria Market,1346.0,32,2580
C13540,-37.819317166081575,144.94559338871863,Docklands,123.0,6,3273
C5888,-37.80495470294585,144.95381007070802,Queensberry,798.0,20,3757
5353W,-37.810139380103976,144.95554654399626,Mint,1428.0,18,2307
12049W,-37.81236163796506,144.98310130175412,East Melbourne,511.0,8,291
10013S,-37.82370424525747,144.96909350199502,Southbank,1278.0,24,6
5152E,-37.802770306718415,144.95696523742583,Courtney,1062.0,4,2219
9443S,-37.83022552326346,144.96603319978192,Southbank,547.0,24,3019
10038N,-37.82320872635445,144.9665668065341,Southbank,1278.0,24,17
6542N,-37.80783816428981,144.96120669237962,The Mac,681.0,28,2533
C7040,-37.80748800403958,144.95847501898476,Victoria Market,1346.0,32,4054
12093W,-37.81083727337871,144.98335547111523,East Melbourne,511.0,8,314
12277S,-37.80973085204912,144.9766813793591,Jolimont,16.0,12,368
910E,-37.81686270191049,144.96446077170123,Degraves,627.0,5,2904
5269W,-37.8045527918819,144.95730690243954,Courtney,520.0,4,2267
C332,-37.8144714738127,144.97166713270482,Hyatt,647.0,11,3548
1775S,-37.81675416607271,144.96609310265694,Degraves,669.0,5,1362
4895W,-37.808308812158096,144.95773725871962,Victoria Market,1171.0,32,2150
12393S,-37.81095737776072,144.97681361967463,Jolimont,178.0,12,452
8666E,-37.82538012541536,144.9628992165224,Southbank,828.0,24,2841
11898E,-37.810128369623534,144.97839312683675,Jolimont,869.0,12,223
12397S,-37.81097241306229,144.97695232146523,Jolimont,178.0,12,455
10001S,-37.82359590266133,144.96947030056916,Southbank,1278.0,24,0
11895W,-37.81034604076344,144.9781159320223,Jolimont,869.0,12,220
7582N,-37.80559938943729,144.95429309928642,Queensberry,1381.0,20,2626
C204,-37.81577294255895,144.97227090532618,Hyatt,647.0,11,3351
12065W,-37.81194665968286,144.983170719415,East Melbourne,511.0,8,300
C320,-37.814543336975056,144.97170050566083,Hyatt,647.0,11,3530
4886E,-37.80831960404467,144.95802479003814,Victoria Market,1171.0,32,2144
C7740,-37.803139591402825,144.95041041830297,Queensberry,1175.0,20,4145
11705W,-37.81009872553794,144.97271946077262,Jolimont,1054.0,12,121
5150E,-37.80279275879796,144.95697566184566,Courtney,1062.0,4,2218
2847S,-37.81067521356399,144.9680870239417,Princes Theatre,894.0,19,1652
12324N,-37.80981172696171,144.97876035030947,East Melbourne,16.0,8,396
2513S,-37.81096637231569,144.970644307545,Princes Theatre,907.0,19,1596
907W,-37.81696858501682,144.96430424294147,Banks,627.0,0,2896
10034N,-37.823230164105695,144.96670537322245,Southbank,1278.0,24,13
12329S,-37.80999697329351,144.97912144605723,East Melbourne,16.0,8,401
8279W,-37.82701902400846,144.967577424037,Southbank,591.0,24,2735
7599S,-37.80533795701216,144.9502833511384,Queensberry,1381.0,20,2637
8676E,-37.82528162255012,144.9630147684724,Southbank,828.0,24,2846
C2700,-37.809801075245375,144.97073219991174,Princes Theatre,894.0,19,3388
13693W,-37.820205576322415,144.94601442769743,Docklands,1043.0,6,990
13644E,-37.820044010219725,144.94442599996327,Docklands,810.0,6,953
5278E,-37.804590055885015,144.9574316828521,Courtney,520.0,4,2273
C672,-37.81438396389365,144.96882358314184,City Square,1221.0,2,3934
9962N,-37.82595910785781,144.96725084421467,Southbank,728.0,24,3156
13258N,-37.81991234380872,144.94322369995194,Docklands,123.0,6,731
4899W,-37.80826005177225,144.95774585747887,Victoria Market,1171.0,32,2153
12457S,-37.81202093776077,144.97638779659894,Jolimont,1290.0,12,493
12371S,-37.81014496175858,144.98046793492242,East Melbourne,16.0,8,440
7595S,-37.80535231547115,144.95041134473956,Queensberry,1381.0,20,2634
8808E,-37.82285597943312,144.9666629512549,Southbank,828.0,24,2861
C6606,-37.80838103414533,144.95968216936276,Titles,681.0,29,3900
12416N,-37.810863624476255,144.97766052142163,Jolimont,178.0,12,467
12272N,-37.80964314396953,144.97722020709284,Jolimont,16.0,12,364
59W,-37.81083130857311,144.97270076103575,Princes Theatre,1288.0,19,2415
C504,-37.81062405953755,144.96990039713612,Princes Theatre,647.0,19,3596
3317S,-37.80872986517456,144.9706802915757,Regency,926.0,22,1726
981W,-37.81850604715485,144.96218371225842,Banks,1171.0,0,3058
12343S,-37.810041338304615,144.97952479602912,East Melbourne,16.0,8,414
13649W,-37.82043069712593,144.94542221902637,Docklands,697.0,6,957
C798,-37.811425485924566,144.9674662885773,Library,1221.0,14,4158
C544,-37.80960950195387,144.9694356837479,Regency,647.0,22,3611
12461S,-37.81203633259017,144.97653032572737,Jolimont,1290.0,12,495
12459S,-37.81202871548963,144.97646009491763,Jolimont,1290.0,12,494
3435S,-37.81080726932605,144.9635678636379,Library,926.0,14,1784
7646N,-37.80500159217507,144.95712214565845,Courtney,1157.0,4,2652
11748E,-37.810217965782726,144.97567247174533,Jolimont,706.0,12,139
C4884,-37.80832687374971,144.95784483851534,Victoria Market,1171.0,32,3590
12448N,-37.81191814416295,144.97649484309903,Jolimont,1290.0,12,487
11899W,-37.81021238006765,144.97813793678162,Jolimont,869.0,12,224
787W,-37.81160147807964,144.9674231907233,Library,1221.0,14,2706
9310N,-37.82918036665261,144.96920419855763,Southbank,547.0,24,2968
8711W,-37.82480112622545,144.96335239708915,Southbank,828.0,24,2856
13028N,-37.82121879659034,144.94410948147316,Docklands,528.0,6,634
1660N,-37.8185587774193,144.96332111956585,Banks,670.0,0,1336
5086E,-37.804660182853496,144.95783832325398,Courtney,1062.0,4,2184
C208,-37.81575043744711,144.972260682858,Hyatt,647.0,11,3352
C5858,-37.80531069392037,144.9537465349453,Queensberry,798.0,20,3744
8710E,-37.82491812382499,144.9634424727504,Southbank,828.0,24,2855
11877W,-37.811289839058325,144.97795968828729,Jolimont,869.0,12,204
12373S,-37.81015218404696,144.98053295277683,East Melbourne,16.0,8,441
13415W,-37.81966139349092,144.94976558136528,Docklands,1383.0,6,844
10032N,-37.823241139532016,144.9667747279144,Southbank,1278.0,24,11
11754E,-37.81012047365711,144.97568860791415,Jolimont,706.0,12,143
11700E,-37.810683189049726,144.9729614706876,Jolimont,1054.0,12,118
C240,-37.815507768977135,144.97214818868932,Hyatt,647.0,11,3360
C2668,-37.80967589489478,144.97115990986117,Princes Theatre,894.0,19,3380
C576,-37.809280248797606,144.9692842994546,Regency,647.0,22,3720
9433S,-37.830172902074864,144.96621505573503,Southbank,547.0,24,3014
7021S,-37.80745546554947,144.9589118922884,Victoria Market,1346.0,32,2581
C782,-37.81164582074462,144.96756685664866,Library,1221.0,14,4154
983W,-37.818455241529456,144.96216043081154,Banks,1171.0,0,3076
C580,-37.809253586941225,144.96927204066716,Regency,647.0,22,3740
5220E,-37.804750377199404,144.95740109574734,Courtney,520.0,4,2240
C212,-37.81572660765647,144.97224999952937,Hyatt,647.0,11,3353
9828N,-37.82507159646341,144.97027343138956,Southbank,728.0,24,3064
8709W,-37.82483527176442,144.9633124397272,Southbank,828.0,24,2854
C328,-37.81449552798777,144.97167818511426,Hyatt,647.0,11,3544
8810E,-37.82282589984528,144.96671995665338,Southbank,828.0,24,2863
5284E,-37.804523445208496,144.9574443922248,Courtney,520.0,4,2276
