street_marker,vioTime,depTime,lat,lon,area
11929W,15,488,-37.81561165,144.9825484,East Melbourne
13478E,247,653,-37.81938414,144.9503503,Docklands
1861S,420,539,-37.81929159,144.9576469,Rialto
4870E,420,1170,-37.80861954,144.9579723,Victoria Market
65W,465,492,-37.81024925,144.9724068,Princes Theatre
12360N,465,537,-37.81023444,144.982598,East Melbourne
13580E,465,487,-37.82032363,144.9429294,Docklands
13399W,465,570,-37.82131491,144.9510674,Docklands
13251S,465,485,-37.82011525,144.9431518,Docklands
13371W,465,570,-37.81970875,144.9498029,Docklands
13576E,465,510,-37.8204818,144.9430042,Docklands
13301S,465,555,-37.82234164,144.9468699,Docklands
13222N,475,508,-37.81876569,144.9471604,Docklands
771W,476,946,-37.81231931,144.9677514,Chinatown
13043S,477,492,-37.82126342,144.9468749,Docklands
13614E,480,491,-37.81963127,144.9437254,Docklands
7646N,480,803,-37.80500159,144.9571221,Courtney
1977S,480,1006,-37.81662994,144.9629131,Banks
1973S,480,899,-37.81659289,144.9630408,Banks
5108E,480,1110,-37.80429254,144.9576732,Courtney
910E,480,498,-37.8168627,144.9644608,Degraves
5261W,480,1380,-37.8047737,144.9572647,Courtney
5100E,480,711,-37.80437818,144.9577121,Courtney
912E,480,497,-37.81680895,144.9644361,Degraves
5267W,480,1181,-37.80460802,144.9572963,Courtney
7019S,482,491,-37.80743172,144.9589935,Victoria Market
13230N,482,493,-37.81938964,144.9450293,Docklands
13232N,483,493,-37.81940788,144.9449664,Docklands
13418E,483,601,-37.81978279,144.9479615,Docklands
12264N,484,510,-37.80954973,144.9763512,Jolimont
12324N,487,503,-37.80981173,144.9787604,East Melbourne
13304N,487,803,-37.82179703,144.950814,Docklands
686E,488,506,-37.81414395,144.9688393,City Square
13635W,489,527,-37.82012666,144.944363,Docklands
12278N,490,538,-37.80966491,144.9774228,Jolimont
13415W,493,536,-37.81966139,144.9497656,Docklands
13416E,496,503,-37.81973947,144.9479154,Docklands
3435S,496,509,-37.81080727,144.9635679,Library
1849S,496,571,-37.81883676,144.9592141,Rialto
12322N,496,509,-37.80980447,144.9786929,East Melbourne
10177W,496,503,-37.80414888,144.9493349,Queensberry
13215S,497,512,-37.81881017,144.9476873,Docklands
13324E,497,511,-37.81813759,144.9464366,Docklands
11503S,500,505,-37.81154627,144.9531295,West Melbourne
13336E,500,528,-37.81662593,144.9457691,Docklands
13808N,500,1100,-37.81422997,144.9388327,Docklands
13381W,502,528,-37.82039784,144.9503461,Docklands
13330E,507,872,-37.81679387,144.9458432,Docklands
5282E,510,518,-37.80454551,144.9574402,Courtney
C412,510,595,-37.81291066,144.9709504,Windsor
7325W,510,1110,-37.80563668,144.9492419,West Melbourne
C7028,510,550,-37.80742553,144.9586895,Victoria Market
5121W,510,599,-37.80341088,144.9571384,Courtney
11502N,510,1380,-37.81154339,144.9527237,West Melbourne
2888N,510,606,-37.81090752,144.9666268,Library
5123W,510,820,-37.80336354,144.9571164,Courtney
C308,510,519,-37.81471636,144.9717806,Hyatt
7335W,510,1110,-37.80545403,144.9492349,West Melbourne
10197W,510,543,-37.80360963,144.9494298,Queensberry
C224,510,518,-37.81559854,144.9721908,Hyatt
C1222,510,1104,-37.81234325,144.9594838,Titles
5992N,510,605,-37.8097239,144.9590142,Titles
C670,510,556,-37.81440745,144.9688341,City Square
11523S,510,986,-37.81184393,144.9520775,West Melbourne
10046N,510,1170,-37.82306286,144.9656887,Southbank
46E,510,810,-37.81266036,144.9737636,Twin Towers
5290E,510,517,-37.8044574,144.957457,Courtney
2348N,510,521,-37.81186443,144.9710311,Windsor
2343S,510,522,-37.81194106,144.9713216,Windsor
C680,510,521,-37.81428853,144.9687806,City Square
2141S,510,545,-37.81276845,144.9720671,Twin Towers
83W,510,556,-37.80903752,144.9718479,Regency
7576N,510,1079,-37.80562911,144.9545572,Queensberry
2565S,510,602,-37.81424026,144.9594621,Supreme
951W,511,692,-37.81305338,144.9625077,Chinatown
13029S,513,534,-37.82053721,144.9493859,Docklands
7644N,513,522,-37.80494833,144.9484029,Queensberry
9457S,520,961,-37.83029812,144.9657823,Southbank
5131W,521,615,-37.80315971,144.9570208,Courtney
7021S,522,537,-37.80745547,144.9589119,Victoria Market
5292E,522,591,-37.8044346,144.9574613,Courtney
13616E,522,542,-37.81957898,144.9437014,Docklands
13614E,522,541,-37.81963127,144.9437254,Docklands
8713W,523,662,-37.82476699,144.9633924,Southbank
8711W,523,660,-37.82480113,144.9633524,Southbank
350E,524,558,-37.81370896,144.971443,Windsor
2153S,525,853,-37.81290289,144.9716065,Twin Towers
13810N,525,539,-37.81425262,144.9387628,Docklands
914E,525,595,-37.81675309,144.9644104,Degraves
13627W,526,561,-37.81943323,144.9444161,Docklands
1775S,527,533,-37.81675417,144.9660931,Degraves
1900N,527,830,-37.81379596,144.9720445,Twin Towers
C1123,528,886,-37.81536613,144.9608669,McKillop
13222N,528,544,-37.81876569,144.9471604,Docklands
13033S,531,546,-37.82057355,144.9492606,Docklands
1812E,532,1081,-37.81862485,144.9609049,Tavistock
13331W,533,647,-37.81897597,144.9484042,Docklands
342E,535,961,-37.81428663,144.9717088,Hyatt
11893W,536,556,-37.81039625,144.9781077,Jolimont
12431S,538,975,-37.81190422,144.9753242,Jolimont
11875W,539,579,-37.81134423,144.9779505,Jolimont
C1126,539,550,-37.81452183,144.9604796,Hardware
13045S,540,552,-37.82128409,144.9468033,Docklands
12457S,540,1020,-37.81202094,144.9763878,Jolimont
12465S,540,1020,-37.81206441,144.9767834,Jolimont
12358N,543,555,-37.81022689,144.9825305,East Melbourne
C684,543,675,-37.8142635,144.9687694,City Square
11503S,544,550,-37.81154627,144.9531295,West Melbourne
12366N,546,582,-37.81028297,144.9830375,East Melbourne
13329W,547,641,-37.81891969,144.9484019,Docklands
7599S,548,557,-37.80533796,144.9502834,Queensberry
13586E,549,559,-37.81967338,144.942657,Docklands
C220,549,619,-37.81562136,144.9722013,Hyatt
13303S,549,1002,-37.82233067,144.9467861,Docklands
909W,552,562,-37.81691519,144.9642796,Banks
C828,552,571,-37.81118719,144.9673576,Library
12360N,552,560,-37.81023444,144.982598,East Melbourne
961W,552,560,-37.81196496,144.9620054,Library
13310N,552,1048,-37.82225468,144.9468485,Docklands
11901W,553,593,-37.81016197,144.9781462,Jolimont
13223S,553,566,-37.81893006,144.9472674,Docklands
13415W,556,570,-37.81966139,144.9497656,Docklands
13377W,558,570,-37.81987589,144.9499389,Docklands
13373W,558,570,-37.81975611,144.9498403,Docklands
8812E,559,568,-37.82279551,144.9667851,Southbank
13215S,560,566,-37.81881017,144.9476873,Docklands
13725W,561,568,-37.81224103,144.9360988,Docklands
6542N,561,585,-37.80783816,144.9612067,The Mac
5066E,563,631,-37.80506701,144.9580271,Courtney
1211W,564,1078,-37.81247082,144.9594171,Titles
13381W,565,573,-37.82039784,144.9503461,Docklands
13336E,565,622,-37.81662593,144.9457691,Docklands
5086E,565,1051,-37.80466018,144.9578383,Courtney
7019S,566,571,-37.80743172,144.9589935,Victoria Market
13228N,567,582,-37.81937048,144.9450954,Docklands
1175W,569,578,-37.81356745,144.9599138,Hardware
13221S,569,611,-37.81891316,144.9473267,Docklands
C2648,570,776,-37.80959173,144.9714474,Princes Theatre
4835W,570,627,-37.81054274,144.9585435,Titles
13675W,570,607,-37.82102321,144.9462295,Docklands
C9102,570,609,-37.79838809,144.9646195,University
13207S,570,891,-37.81874164,144.9479238,Docklands
13651W,570,951,-37.82036942,144.9454059,Docklands
C2842,570,575,-37.81055768,144.9681371,Princes Theatre
12392N,570,622,-37.81071163,144.9762632,Jolimont
11700E,570,578,-37.81068319,144.9729615,Jolimont
C13636,570,655,-37.8196902,144.9443014,Docklands
C140,570,576,-37.80866018,144.9717993,Regency
C6636,570,589,-37.80849717,144.9592815,Titles
67W,570,659,-37.81016283,144.9723667,Princes Theatre
13670E,570,1023,-37.82098316,144.9454158,Docklands
3327S,570,593,-37.8088383,144.9703063,Regency
13618E,570,588,-37.81952667,144.9436775,Docklands
C13524,570,592,-37.81928018,144.9457215,Docklands
13482E,570,1110,-37.81949229,144.9504366,Docklands
13426E,570,575,-37.81995604,144.9481458,Docklands
C13716,570,602,-37.82005535,144.9430383,Docklands
5570E,570,692,-37.80634788,144.9540635,Queensberry
3388N,570,577,-37.80994021,144.9663551,Library
C13504,570,902,-37.81922797,144.9459026,Docklands
13480E,570,628,-37.81943019,144.9503876,Docklands
C164,570,696,-37.80827816,144.9716238,Regency
13622E,570,667,-37.81942212,144.9436295,Docklands
13648E,570,578,-37.82050738,144.9455382,Docklands
53W,570,796,-37.81098467,144.9727664,Princes Theatre
4852E,570,612,-37.80966894,144.9583908,Titles
13625W,570,587,-37.81934223,144.943431,Docklands
6041S,570,696,-37.81061964,144.9563623,Mint
13474E,570,607,-37.8187948,144.9498862,Docklands
13669W,570,607,-37.82105433,144.9453381,Docklands
C6712,570,601,-37.80880491,144.9582193,Titles
13802N,570,595,-37.8138151,144.9400728,Docklands
13472E,570,580,-37.81872957,144.9498351,Docklands
13050N,570,812,-37.82104865,144.9433995,Docklands
13402E,570,578,-37.81913961,144.947277,Docklands
C564,570,678,-37.80939071,144.9693351,Regency
3341S,570,1230,-37.8089758,144.969833,Regency
13858N,570,1110,-37.81245601,144.9408281,Docklands
3424N,570,1193,-37.8104023,144.9647729,Library
13201S,570,817,-37.8186647,144.9481893,Docklands
13683W,570,977,-37.8205114,144.9460947,Docklands
10038N,571,1073,-37.82320873,144.9665668,Southbank
8810E,572,650,-37.8228259,144.96672,Southbank
2557S,572,655,-37.81389609,144.9606142,Hardware
12087W,572,950,-37.81099085,144.9833304,East Melbourne
13301S,572,589,-37.82234164,144.9468699,Docklands
5050E,573,581,-37.80528746,144.9581284,Courtney
13222N,574,621,-37.81876569,144.9471604,Docklands
10009W,575,588,-37.80458908,144.9477276,Queensberry
12451S,575,1025,-37.81199836,144.9761823,Jolimont
12276N,576,614,-37.80965765,144.9773553,Jolimont
C818,576,672,-37.81130687,144.9674122,Library
12360N,576,591,-37.81023444,144.982598,East Melbourne
1192E,577,862,-37.81331958,144.9600567,Hardware
12274N,577,609,-37.8096504,144.9772877,Jolimont
C13704,577,960,-37.82001998,144.94316,Docklands
1810E,578,713,-37.81867483,144.9609275,Tavistock
9449S,580,596,-37.83025691,144.9659247,Southbank
C504,580,662,-37.81062406,144.9699004,Princes Theatre
11876E,581,612,-37.81069143,144.9782983,Jolimont
5988N,581,874,-37.80968754,144.9591398,Titles
2890N,581,650,-37.81093249,144.9665423,Library
12433S,582,595,-37.81191207,144.975395,Jolimont
12381S,582,616,-37.81090675,144.9763542,Jolimont
11812E,583,612,-37.81383833,144.9777701,Jolimont
3940N,583,669,-37.8122855,144.9543081,Magistrates
11501S,584,612,-37.81152513,144.9532044,West Melbourne
1157W,585,601,-37.8137775,144.9600102,Hardware
C328,587,597,-37.81449553,144.9716782,Hyatt
13213S,587,611,-37.81879342,144.9477448,Docklands
13215S,587,600,-37.81881017,144.9476873,Docklands
C2652,587,618,-37.80961791,144.971358,Princes Theatre
11895W,588,605,-37.81034604,144.9781159,Jolimont
65W,588,626,-37.81024925,144.9724068,Princes Theatre
7592N,588,623,-37.80523525,144.9510389,Queensberry
12272N,589,625,-37.80964314,144.9772202,Jolimont
13794E,590,603,-37.81238797,144.9387212,Docklands
13771W,590,682,-37.81216493,144.9384661,Docklands
13769W,590,683,-37.81221174,144.9384939,Docklands
1982N,591,697,-37.8166151,144.9623981,Banks
11503S,591,596,-37.81154627,144.9531295,West Melbourne
13773W,591,684,-37.81211601,144.9384371,Docklands
C336,591,1009,-37.81441838,144.9716425,Hyatt
C1208,592,618,-37.81255668,144.9595811,Titles
1896N,592,1033,-37.81375872,144.9721718,Twin Towers
C13516,592,632,-37.8192556,144.9458065,Docklands
10103W,592,602,-37.80347363,144.9479256,Queensberry
5386E,593,599,-37.80553777,144.956215,Courtney
13580E,594,605,-37.82032363,144.9429294,Docklands
1316E,594,1023,-37.81697864,144.9589224,RACV
C13726,594,610,-37.82007954,144.9429551,Docklands
C1144,595,604,-37.81426002,144.9603591,Hardware
916E,596,636,-37.81669896,144.9643856,Degraves
1315W,596,610,-37.81707601,144.9587304,RACV
13256N,596,741,-37.81989374,144.9432877,Docklands
12442N,596,624,-37.81184753,144.9758456,Jolimont
13041S,596,610,-37.82124275,144.9469466,Docklands
13614E,596,612,-37.81963127,144.9437254,Docklands
13834N,596,720,-37.81299743,144.9393991,Docklands
12479S,596,611,-37.8121263,144.9773535,Jolimont
12057W,597,654,-37.81215318,144.9831362,East Melbourne
C798,598,629,-37.81142549,144.9674663,Library
C1252,598,604,-37.81184243,144.9592572,Titles
12089W,598,621,-37.8109409,144.9833387,East Melbourne
3406N,598,604,-37.81014836,144.9656418,Library
11881W,599,620,-37.81118103,144.977978,Jolimont
12483S,599,618,-37.81214097,144.9774877,Jolimont
1512E,600,623,-37.81961176,144.9545332,Markilles
11879W,600,621,-37.81123545,144.9779689,Jolimont
12358N,600,624,-37.81022689,144.9825305,East Melbourne
9541S,600,614,-37.82820384,144.9650811,Southbank
13408E,600,664,-37.81927229,144.9474178,Docklands
13420E,601,624,-37.8198261,144.9480076,Docklands
1732N,601,635,-37.81461556,144.9731894,Twin Towers
2561S,601,640,-37.81410437,144.959928,Supreme
11880E,601,613,-37.8105892,144.9783156,Jolimont
89W,601,896,-37.80888641,144.9717781,Regency
13853S,602,637,-37.81411372,144.9415683,Docklands
12326N,602,640,-37.80981909,144.9788279,East Melbourne
13333W,602,949,-37.81903226,144.9484063,Docklands
6043S,602,790,-37.81063834,144.9562983,Mint
2376N,603,735,-37.81221483,144.9698362,Windsor
2350N,603,644,-37.81190347,144.9708985,Windsor
13312N,603,1110,-37.82224057,144.9467611,Docklands
13796E,604,717,-37.81233213,144.9386874,Docklands
C280,604,619,-37.81519773,144.9720058,Hyatt
12282N,604,679,-37.80967938,144.9775578,Jolimont
2553S,604,673,-37.8138616,144.9607337,Hardware
43W,605,620,-37.8127876,144.973571,Twin Towers
13588E,605,797,-37.81961436,144.9426312,Docklands
12095W,605,741,-37.81078548,144.9833641,East Melbourne
45W,605,644,-37.81273972,144.9735492,Twin Towers
12047W,606,639,-37.81241404,144.9830925,East Melbourne
11873W,606,614,-37.81139863,144.9779413,Jolimont
11744E,606,641,-37.81028303,144.9756616,Jolimont
12435S,608,1052,-37.8119199,144.9754661,Jolimont
C13540,609,848,-37.81931717,144.9455934,Docklands
5468E,609,737,-37.80737098,144.9545304,Queensberry
1518E,609,637,-37.81946331,144.9544653,Markilles
11899W,609,616,-37.81021238,144.9781379,Jolimont
12324N,610,624,-37.80981173,144.9787604,East Melbourne
C560,612,1079,-37.80944784,144.9693614,Regency
13418E,612,624,-37.81978279,144.9479615,Docklands
C308,612,636,-37.81471636,144.9717806,Hyatt
11503S,612,626,-37.81154627,144.9531295,West Melbourne
C2756,613,633,-37.809984,144.9701075,Princes Theatre
12487S,613,620,-37.81215577,144.9776229,Jolimont
13424E,614,713,-37.81991273,144.9480997,Docklands
C404,615,1035,-37.81296318,144.9709743,Windsor
13664E,616,1110,-37.81975063,144.94534,Docklands
20E,616,640,-37.81447461,144.9746042,Twin Towers
C1132,617,897,-37.81442544,144.9604354,Hardware
12469S,617,679,-37.81207935,144.9769197,Jolimont
13636E,617,637,-37.82036873,144.9445749,Docklands
13029S,619,654,-37.82053721,144.9493859,Docklands
9200N,619,652,-37.8311241,144.9668652,Southbank
908E,619,818,-37.81691389,144.9644843,Degraves
1858N,620,782,-37.8190086,144.9582615,Rialto
C548,620,628,-37.80957988,144.9694221,Regency
10034N,620,631,-37.82323016,144.9667054,Southbank
C688,621,628,-37.81423973,144.9687587,City Square
13410E,621,632,-37.81931646,144.9474649,Docklands
13205S,623,632,-37.81869951,144.9480692,Docklands
12477S,624,664,-37.81211825,144.9772799,Jolimont
12467S,624,679,-37.81207203,144.9768532,Jolimont
13223S,624,639,-37.81893006,144.9472674,Docklands
2348N,625,639,-37.81186443,144.9710311,Windsor
1861S,625,717,-37.81929159,144.9576469,Rialto
1660N,626,635,-37.81855878,144.9633211,Banks
12463S,626,638,-37.81204343,144.976596,Jolimont
775W,626,689,-37.81221754,144.9677054,Chinatown
13866N,626,673,-37.81405078,144.9415608,Docklands
12439S,626,880,-37.81193638,144.9756157,Jolimont
6621S,627,640,-37.80848205,144.959677,Titles
12448N,627,663,-37.81191814,144.9764948,Jolimont
979W,629,1110,-37.81855685,144.962207,Banks
13253S,629,679,-37.82013908,144.9430699,Docklands
2551S,629,661,-37.81382557,144.9608584,Hardware
1979S,629,734,-37.8166486,144.962849,Banks
C2638,629,1089,-37.80954376,144.9716113,Princes Theatre
8342E,630,639,-37.82444458,144.9684783,Southbank
8295W,630,773,-37.82629355,144.9677962,Southbank
8676E,630,689,-37.82528162,144.9630148,Southbank
8666E,630,655,-37.82538013,144.9628992,Southbank
8630E,630,1028,-37.82573113,144.9624829,Southbank
8648E,630,658,-37.82555701,144.9626908,Southbank
429W,630,789,-37.81269374,144.9707233,Windsor
12065W,631,662,-37.81194666,144.9831707,East Melbourne
11784E,631,660,-37.81108557,144.9755651,Jolimont
7013S,631,654,-37.80737503,144.9591884,Victoria Market
10032N,631,673,-37.82324114,144.9667747,Southbank
10199W,632,647,-37.80355521,144.9494394,Queensberry
12328N,632,642,-37.80982659,144.9788954,East Melbourne
7620N,634,1110,-37.80498764,144.9487537,Queensberry
11871W,635,691,-37.81145304,144.9779322,Jolimont
C1115,635,643,-37.81550243,144.9609294,McKillop
12269S,635,652,-37.80970231,144.9764181,Jolimont
7784N,635,658,-37.80243112,144.9448248,Queensberry
C580,636,791,-37.80925359,144.969272,Regency
3936N,636,695,-37.81224916,144.9544364,Magistrates
13470E,636,1000,-37.81868029,144.9497962,Docklands
13306N,637,837,-37.82176881,144.950927,Docklands
13578E,637,652,-37.82037563,144.9429534,Docklands
13033S,637,712,-37.82057355,144.9492606,Docklands
8649W,637,664,-37.82558052,144.9624657,Southbank
6531S,638,657,-37.80786127,144.9618158,The Mac
12055W,638,672,-37.81220512,144.9831277,East Melbourne
13586E,638,649,-37.81967338,144.942657,Docklands
779W,638,652,-37.81216666,144.9676823,Chinatown
C512,638,813,-37.81054117,144.9698622,Princes Theatre
5592E,638,670,-37.80593719,144.9538766,Queensberry
C670,640,679,-37.81440745,144.9688341,City Square
9513S,641,677,-37.82844809,144.966347,Southbank
C1126,641,672,-37.81452183,144.9604796,Hardware
4895W,642,649,-37.80830881,144.9577373,Victoria Market
13028N,643,649,-37.8212188,144.9441095,Docklands
1849S,643,693,-37.81883676,144.9592141,Rialto
C1152,643,673,-37.81382424,144.9601594,Hardware
65W,643,688,-37.81024925,144.9724068,Princes Theatre
5384E,644,663,-37.80531082,144.9562548,Courtney
13416E,644,685,-37.81973947,144.9479154,Docklands
C9142,644,672,-37.79842436,144.9649563,University
11756E,645,784,-37.81008795,144.975694,Jolimont
12387S,645,650,-37.81093349,144.9765959,Jolimont
11898E,646,670,-37.81012837,144.9783931,Jolimont
13667W,646,693,-37.82111078,144.945353,Docklands
13296E,647,659,-37.81645801,144.9456949,Docklands
48E,647,676,-37.81260835,144.9737395,Twin Towers
12279S,648,660,-37.80973763,144.976744,Jolimont
13663W,648,658,-37.8212229,144.9453826,Docklands
11933W,648,669,-37.81551182,144.9825653,East Melbourne
13203S,649,708,-37.8186821,144.9481293,Docklands
13418E,649,664,-37.81978279,144.9479615,Docklands
12260N,650,668,-37.80953633,144.9762274,Jolimont
11929W,650,655,-37.81561165,144.9825484,East Melbourne
13213S,650,659,-37.81879342,144.9477448,Docklands
43W,651,665,-37.8127876,144.973571,Twin Towers
C276,651,730,-37.81522059,144.9720163,Hyatt
13324E,651,959,-37.81813759,144.9464366,Docklands
13486E,652,661,-37.81960519,144.9505258,Docklands
2555S,652,684,-37.81387885,144.960674,Hardware
12270N,653,664,-37.80963584,144.9771527,Jolimont
11893W,653,663,-37.81039625,144.9781077,Jolimont
13228N,653,659,-37.81937048,144.9450954,Docklands
C332,654,681,-37.81447147,144.9716671,Hyatt
12280N,654,715,-37.80967216,144.9774903,Jolimont
8672E,656,713,-37.82532076,144.9629689,Southbank
5082E,657,1053,-37.80470444,144.9578587,Courtney
12362N,657,669,-37.81025622,144.9827946,East Melbourne
C666,657,665,-37.81445233,144.9688543,City Square
12422N,658,711,-37.81088357,144.9778442,Jolimont
C1238,658,823,-37.81220219,144.9594195,Titles
962E,658,679,-37.81179901,144.9621385,Library
13217S,659,665,-37.81887903,144.9474453,Docklands
C236,659,833,-37.81553016,144.9721587,Hyatt
C1118,659,681,-37.81461496,144.9605225,Hardware
11959W,659,694,-37.81484011,144.9826797,East Melbourne
12416N,659,674,-37.81086362,144.9776605,Jolimont
4885W,660,797,-37.80843171,144.9577156,Victoria Market
7033S,660,676,-37.80756762,144.9585246,Victoria Market
12371S,660,1020,-37.81014496,144.9804679,East Melbourne
12433S,660,685,-37.81191207,144.975395,Jolimont
12358N,660,669,-37.81022689,144.9825305,East Melbourne
C348,660,673,-37.81434286,144.9716078,Hyatt
2350N,660,690,-37.81190347,144.9708985,Windsor
13745W,660,776,-37.81354017,144.9392991,Docklands
570E,660,1020,-37.80923537,144.9693825,Regency
7019S,660,673,-37.80743172,144.9589935,Victoria Market
9828N,660,708,-37.8250716,144.9702734,Southbank
C128,660,967,-37.80873104,144.9718319,Regency
5386E,662,803,-37.80553777,144.956215,Courtney
3435S,662,687,-37.81080727,144.9635679,Library
C13544,662,804,-37.81932658,144.9455605,Docklands
11786E,663,1078,-37.81102795,144.975575,Jolimont
11752E,663,670,-37.810153,144.9756832,Jolimont
2565S,663,684,-37.81424026,144.9594621,Supreme
12267S,663,727,-37.80969521,144.9763525,Jolimont
C9114,663,673,-37.79839825,144.9647112,University
12273S,663,722,-37.80971647,144.9765488,Jolimont
C9130,663,1030,-37.79841124,144.9648342,University
12286N,664,687,-37.80969381,144.9776929,Jolimont
13358E,664,692,-37.82204065,144.9477978,Docklands
959W,664,680,-37.8120208,144.9620312,Library
12461S,664,669,-37.81203633,144.9765303,Jolimont
4833W,664,883,-37.81059179,144.9585658,Titles
12445S,664,707,-37.81197519,144.9759723,Jolimont
1205W,665,693,-37.81263517,144.9594919,Titles
2508N,665,690,-37.81086532,144.9708109,Princes Theatre
11748E,665,675,-37.81021797,144.9756725,Jolimont
13030N,666,1110,-37.82120417,144.9440486,Docklands
1157W,666,702,-37.8137775,144.9600102,Hardware
12063W,667,757,-37.81199774,144.9831622,East Melbourne
11895W,667,700,-37.81034604,144.9781159,Jolimont
13381W,668,675,-37.82039784,144.9503461,Docklands
12285S,669,680,-37.8097585,144.9769364,Jolimont
5121W,669,728,-37.80341088,144.9571384,Courtney
C320,669,705,-37.81454334,144.9717005,Hyatt
C2958,669,684,-37.81276861,144.9606346,Hardware
1433W,669,840,-37.81777479,144.956239,Family
916E,670,694,-37.81669896,144.9643856,Degraves
12420N,670,741,-37.81087695,144.9777832,Jolimont
12455S,670,681,-37.81201309,144.9763152,Jolimont
C1144,670,680,-37.81426002,144.9603591,Hardware
13621W,670,826,-37.81944631,144.9434788,Docklands
1175W,671,679,-37.81356745,144.9599138,Hardware
9451S,671,718,-37.83026756,144.9658879,Southbank
C996,671,779,-37.81847631,144.9622961,Banks
C300,671,745,-37.81475903,144.9718006,Hyatt
1431W,671,702,-37.81801438,144.95635,Family
5325W,672,830,-37.81094774,144.9559173,Mint
87W,672,678,-37.80893654,144.9718013,Regency
13041S,672,714,-37.82124275,144.9469466,Docklands
11897W,672,688,-37.81026413,144.9781295,Jolimont
7660N,674,759,-37.80495487,144.9567006,Courtney
13038N,674,787,-37.82114193,144.9437888,Docklands
13328E,674,679,-37.81684984,144.9458679,Docklands
912E,675,1067,-37.81680895,144.9644361,Degraves
C1142,675,691,-37.81428287,144.9603696,Hardware
50E,675,685,-37.81255423,144.9737144,Twin Towers
C1168,676,744,-37.81361222,144.9600631,Hardware
11963W,676,730,-37.8147368,144.9826973,East Melbourne
13234N,676,681,-37.81942611,144.9449034,Docklands
13322E,677,702,-37.81819068,144.94646,Docklands
13228N,677,695,-37.81937048,144.9450954,Docklands
11708E,677,875,-37.81037881,144.9729422,Jolimont
12483S,678,724,-37.81214097,144.9774877,Jolimont
9852N,678,764,-37.82519269,144.9698575,Southbank
11957W,678,730,-37.81489175,144.9826709,East Melbourne
12340N,678,714,-37.80989153,144.9795002,East Melbourne
12046E,679,750,-37.81233742,144.9833424,East Melbourne
354E,679,690,-37.81365735,144.971419,Windsor
9244N,679,781,-37.82876804,144.9706237,Southbank
45W,679,699,-37.81273972,144.9735492,Twin Towers
11881W,680,694,-37.81118103,144.977978,Jolimont
12091W,681,740,-37.81088921,144.983347,East Melbourne
981W,681,731,-37.81850605,144.9621837,Banks
1512E,681,711,-37.81961176,144.9545332,Markilles
789W,681,882,-37.81154817,144.9673986,Library
12309S,681,719,-37.80985311,144.9778067,Jolimont
13627W,681,729,-37.81943323,144.9444161,Docklands
13305W,682,720,-37.82058964,144.9472225,Docklands
C822,682,695,-37.81125751,144.9673896,Library
12485S,682,722,-37.81214839,144.9775554,Jolimont
12414N,682,747,-37.81085653,144.9775952,Jolimont
13258N,682,802,-37.81991234,144.9432237,Docklands
4005W,682,695,-37.80777201,144.9600844,Victoria Market
13876N,682,697,-37.81392423,144.9418947,Docklands
5335W,682,702,-37.81069267,144.9557997,Mint
13032N,683,1110,-37.82118882,144.9439845,Docklands
5185W,684,1081,-37.81111794,144.9573321,Mint
8651W,684,691,-37.82556052,144.9624892,Southbank
13671W,684,692,-37.82099788,144.9453242,Docklands
C232,684,695,-37.81555296,144.9721694,Hyatt
10115W,684,696,-37.80336265,144.9479442,Queensberry
1734N,684,696,-37.81463433,144.9731253,Twin Towers
9308N,684,720,-37.82916918,144.9692426,Southbank
13043S,685,694,-37.82126342,144.9468749,Docklands
13638E,686,739,-37.82031364,144.9445508,Docklands
C100,686,928,-37.80889656,144.9719079,Regency
12263S,686,692,-37.80968093,144.9762208,Jolimont
8649W,686,695,-37.82558052,144.9624657,Southbank
13045S,686,694,-37.82128409,144.9468033,Docklands
13685W,686,755,-37.8204511,144.9460785,Docklands
2343S,687,701,-37.81194106,144.9713216,Windsor
12446N,687,742,-37.81191028,144.9764223,Jolimont
13332E,687,714,-37.81673789,144.9458185,Docklands
13788E,687,708,-37.81255912,144.9388248,Docklands
7592N,688,698,-37.80523525,144.9510389,Queensberry
12276N,688,767,-37.80965765,144.9773553,Jolimont
12450N,688,720,-37.81192571,144.9765646,Jolimont
13223S,688,859,-37.81893006,144.9472674,Docklands
1516E,688,800,-37.81951134,144.9544873,Markilles
8812E,688,811,-37.82279551,144.9667851,Southbank
13787W,689,739,-37.81317468,144.940706,Docklands
5560E,689,716,-37.8064402,144.9541056,Queensberry
C7160,690,737,-37.80714962,144.9537592,Queensberry
C6424,690,865,-37.80349628,144.9510506,Queensberry
8281W,690,717,-37.82696653,144.9675932,Southbank
6187W,690,713,-37.80666464,144.9511474,Queensberry
6227W,690,697,-37.80604907,144.9508674,Queensberry
6225W,690,1110,-37.80607035,144.9508771,Queensberry
6243W,690,756,-37.80583352,144.9507692,Queensberry
14008E,690,702,-37.79852923,144.9579137,University
5136E,690,705,-37.8030198,144.9570811,Courtney
5152E,690,968,-37.80277031,144.9569652,Courtney
13329W,690,712,-37.81891969,144.9484019,Docklands
12373S,690,706,-37.81015218,144.980533,East Melbourne
5162E,690,1008,-37.80265814,144.9569132,Courtney
13399W,690,960,-37.82131491,144.9510674,Docklands
6191W,690,729,-37.80659981,144.9511179,Queensberry
C6300,690,950,-37.80476875,144.9508258,Queensberry
12418N,690,701,-37.81087035,144.9777224,Jolimont
6259S,690,1230,-37.80772158,144.9662652,Regency
6221W,690,1110,-37.80611292,144.9508966,Queensberry
2551S,691,698,-37.81382557,144.9608584,Hardware
101W,691,717,-37.80825367,144.9714849,Regency
2359S,691,761,-37.81228373,144.9701528,Windsor
13658E,691,741,-37.81991684,144.9453842,Docklands
5271W,691,708,-37.80449756,144.9573175,Courtney
8653W,692,708,-37.82554051,144.9625127,Southbank
2795S,692,826,-37.81048682,144.9687281,Princes Theatre
12410N,692,769,-37.81084268,144.9774676,Jolimont
9262N,693,706,-37.82889408,144.9701895,Southbank
779W,693,705,-37.81216666,144.9676823,Chinatown
11703W,693,730,-37.8101522,144.9727114,Jolimont
338E,694,791,-37.81433738,144.9717323,Hyatt
12330N,694,702,-37.80983352,144.978963,East Melbourne
C9170,694,735,-37.79845224,144.9652092,University
12357S,695,736,-37.81009442,144.9800114,East Melbourne
2340N,695,725,-37.81176666,144.9713643,Windsor
C13600,695,750,-37.81954633,144.944801,Docklands
13584E,695,742,-37.81986336,144.942745,Docklands
12360N,695,708,-37.81023444,144.982598,East Melbourne
1213W,695,778,-37.81242159,144.959395,Titles
1427W,695,702,-37.81811189,144.9563941,Family
13652E,696,730,-37.82037513,144.9455037,Docklands
12264N,696,711,-37.80954973,144.9763512,Jolimont
C1134,696,703,-37.81440089,144.9604241,Hardware
12440N,696,762,-37.81183965,144.9757731,Jolimont
C1230,696,726,-37.81227407,144.9594524,Titles
12358N,697,712,-37.81022689,144.9825305,East Melbourne
13679W,697,879,-37.82091476,144.946201,Docklands
6207W,697,806,-37.80630665,144.9509843,Queensberry
13643W,697,728,-37.82061381,144.94547,Docklands
12402N,697,722,-37.81074692,144.9765884,Jolimont
12463S,698,815,-37.81204343,144.976596,Jolimont
12331S,698,750,-37.81000437,144.9791884,East Melbourne
7146N,698,811,-37.80845438,144.9523958,Queensberry
C1210,698,713,-37.81250889,144.9595594,Titles
12369S,699,728,-37.81013767,144.9804022,East Melbourne
994E,699,723,-37.81846335,144.9624156,Banks
13810N,699,714,-37.81425262,144.9387628,Docklands
5329W,699,866,-37.81084571,144.9558703,Mint
C13596,699,995,-37.81953718,144.9448326,Docklands
13695W,699,799,-37.82014417,144.9459998,Docklands
9523S,699,799,-37.82841696,144.9661824,Southbank
4899W,699,708,-37.80826005,144.9577459,Victoria Market
12297S,700,720,-37.80980702,144.9773814,Jolimont
C13548,700,1009,-37.81934277,144.9455048,Docklands
13331W,700,726,-37.81897597,144.9484042,Docklands
C680,701,710,-37.81428853,144.9687806,City Square
12397S,701,716,-37.81097241,144.9769523,Jolimont
6205W,701,710,-37.80632778,144.9509939,Queensberry
11877W,702,715,-37.81128984,144.9779597,Jolimont
C588,702,709,-37.80898079,144.969147,Regency
13578E,703,755,-37.82037563,144.9429534,Docklands
13418E,703,728,-37.81978279,144.9479615,Docklands
5182E,703,783,-37.81115537,144.9574875,Mint
791W,704,717,-37.81149444,144.9673738,Library
5144E,704,745,-37.80292804,144.9570385,Courtney
C1274,704,882,-37.81160479,144.9591486,Titles
13681W,704,773,-37.82086053,144.9461877,Docklands
8883W,704,715,-37.82498281,144.9610748,Southbank
9232N,704,711,-37.83130988,144.9662316,Southbank
13336E,705,714,-37.81662593,144.9457691,Docklands
13316E,705,807,-37.81962893,144.9470546,Docklands
6037S,705,925,-37.81058146,144.9564929,Mint
1847S,706,820,-37.81881749,144.9592802,Rialto
C1122,706,717,-37.81457007,144.9605018,Hardware
18E,706,756,-37.81452914,144.9746296,Twin Towers
C9166,706,717,-37.79844868,144.9651765,University
11891W,706,743,-37.81044994,144.9780989,Jolimont
79W,706,725,-37.80986177,144.9722262,Princes Theatre
C830,707,716,-37.81116389,144.967347,Library
10181W,708,717,-37.80404052,144.9493538,Queensberry
2338N,708,733,-37.81174905,144.9714237,Windsor
C522,708,725,-37.81043196,144.9698119,Princes Theatre
9417S,709,724,-37.83008922,144.9665042,Southbank
816E,709,761,-37.81124641,144.9675098,Library
1299W,709,797,-37.81834299,144.9593058,Tavistock
13416E,709,714,-37.81973947,144.9479154,Docklands
13701W,709,731,-37.81975104,144.9458956,Docklands
9537S,709,818,-37.82821654,144.9651477,Southbank
2793S,710,721,-37.81046795,144.9687919,Princes Theatre
3435S,710,720,-37.81080727,144.9635679,Library
2350N,710,836,-37.81190347,144.9708985,Windsor
2513S,710,720,-37.81096637,144.9706443,Princes Theatre
C340,711,749,-37.81439207,144.9716304,Hyatt
12441S,711,735,-37.81194402,144.975685,Jolimont
1437W,711,735,-37.81767522,144.9561932,Family
12443S,711,721,-37.81196723,144.9759003,Jolimont
3959S,711,728,-37.81274498,144.9531746,Magistrates
13040N,712,823,-37.8211263,144.9437236,Docklands
8810E,712,750,-37.8228259,144.96672,Southbank
13649W,713,839,-37.8204307,144.9454222,Docklands
12457S,713,804,-37.81202094,144.9763878,Jolimont
10191W,713,738,-37.80377543,144.9494006,Queensberry
12042E,713,727,-37.81254119,144.9833059,East Melbourne
C7136,713,718,-37.80843101,144.9527013,Queensberry
6171W,713,721,-37.80426415,144.9431407,Queensberry
1723S,713,750,-37.81438925,144.9741645,Twin Towers
7035S,714,885,-37.80758626,144.9584605,Victoria Market
812E,714,744,-37.81129717,144.9675333,Library
13632E,714,726,-37.81903333,144.9443151,Docklands
12400N,715,739,-37.81073976,144.9765223,Jolimont
12069W,715,782,-37.81183781,144.9831888,East Melbourne
13225S,715,759,-37.81939766,144.9456302,Docklands
7644N,715,725,-37.80494833,144.9484029,Queensberry
9310N,715,765,-37.82918037,144.9692042,Southbank
13426E,715,726,-37.81995604,144.9481458,Docklands
C13720,716,782,-37.82006342,144.9430106,Docklands
2698N,716,742,-37.80979545,144.9704132,Princes Theatre
8674E,716,724,-37.82530117,144.9629918,Southbank
12307S,717,733,-37.8098461,144.9777418,Jolimont
2555S,717,814,-37.81387885,144.960674,Hardware
1738N,718,725,-37.81467179,144.9729975,Twin Towers
13247S,718,723,-37.82007901,144.9432763,Docklands
C2774,718,751,-37.81026058,144.9691509,Princes Theatre
7331W,719,727,-37.80552845,144.9492246,West Melbourne
C2668,720,739,-37.80967589,144.9711599,Princes Theatre
C2858,720,734,-37.81063979,144.9678583,Princes Theatre
6531S,720,748,-37.80786127,144.9618158,The Mac
13641W,720,742,-37.81996243,144.944289,Docklands
795W,721,748,-37.81138739,144.9673245,Library
13215S,721,773,-37.81881017,144.9476873,Docklands
C2998,722,815,-37.81314433,144.9593067,Supreme
6024N,722,894,-37.8103867,144.9566918,Mint
7336E,722,969,-37.80537811,144.9493312,West Melbourne
1581S,722,734,-37.81865397,144.9636784,Banks
13912E,723,731,-37.81390575,144.9412726,Docklands
13628E,723,753,-37.81942582,144.9444923,Docklands
C256,723,793,-37.81533488,144.9720688,Hyatt
C2724,724,798,-37.80990274,144.970385,Princes Theatre
13354E,724,803,-37.81550859,144.9452765,Docklands
787W,724,736,-37.81160148,144.9674232,Library
11768E,724,909,-37.80989306,144.975726,Jolimont
C6380,725,873,-37.80400887,144.9509595,Queensberry
910E,725,744,-37.8168627,144.9644608,Degraves
12269S,725,809,-37.80970231,144.9764181,Jolimont
12360N,727,745,-37.81023444,144.982598,East Melbourne
C308,727,747,-37.81471636,144.9717806,Hyatt
C13576,727,765,-37.81948453,144.9450145,Docklands
11766E,727,770,-37.80992531,144.9757209,Jolimont
10013S,727,754,-37.82370425,144.9690935,Southbank
10036N,727,750,-37.82321938,144.9666358,Southbank
1908N,728,750,-37.81444536,144.9698433,Hyatt
2551S,728,735,-37.81382557,144.9608584,Hardware
13868N,729,750,-37.81402454,144.9416295,Docklands
10166E,729,838,-37.80447057,144.9494688,Queensberry
916E,729,762,-37.81669896,144.9643856,Degraves
6033S,729,809,-37.8105146,144.9567188,Mint
C666,730,832,-37.81445233,144.9688543,City Square
13347W,730,743,-37.81942624,144.9484213,Docklands
12387S,730,768,-37.81093349,144.9765959,Jolimont
951W,730,765,-37.81305338,144.9625077,Chinatown
C5860,730,841,-37.80528571,144.953751,Queensberry
1583S,730,749,-37.81867252,144.9636144,Banks
1228E,730,744,-37.8122279,144.9595585,Titles
13866N,731,752,-37.81405078,144.9415608,Docklands
13042N,731,1110,-37.82111067,144.9436584,Docklands
5353W,731,745,-37.81013938,144.9555465,Mint
12477S,731,736,-37.81211825,144.9772799,Jolimont
7670N,732,813,-37.80379542,144.9571126,Courtney
1157W,732,782,-37.8137775,144.9600102,Hardware
12471S,732,740,-37.81209586,144.9770746,Jolimont
4825W,733,753,-37.81079501,144.9586589,Titles
13301W,734,939,-37.82074851,144.947264,Docklands
2553S,734,743,-37.8138616,144.9607337,Hardware
13675W,734,816,-37.82102321,144.9462295,Docklands
9449S,734,741,-37.83025691,144.9659247,Southbank
C818,734,746,-37.81130687,144.9674122,Library
C13624,735,744,-37.8196649,144.9443883,Docklands
9325S,735,756,-37.82950699,144.9685146,Southbank
13221S,736,749,-37.81891316,144.9473267,Docklands
C9122,736,750,-37.79840476,144.9647733,University
11876E,736,745,-37.81069143,144.9782983,Jolimont
9439S,737,824,-37.83020454,144.9661057,Southbank
6177W,737,859,-37.80411157,144.9431675,Queensberry
12358N,737,764,-37.81022689,144.9825305,East Melbourne
C684,737,743,-37.8142635,144.9687694,City Square
12268N,738,765,-37.80962845,144.9770852,Jolimont
9958N,739,745,-37.82594443,144.9673019,Southbank
5138E,739,990,-37.80299677,144.9570704,Courtney
1175W,739,836,-37.81356745,144.9599138,Hardware
10189W,739,745,-37.80382682,144.9493915,Queensberry
13034N,740,751,-37.82117319,144.9439193,Docklands
12393S,740,748,-37.81095738,144.9768136,Jolimont
8651W,740,749,-37.82556052,144.9624892,Southbank
961W,740,766,-37.81196496,144.9620054,Library
1315W,740,1110,-37.81707601,144.9587304,RACV
C9198,741,796,-37.79848168,144.9654877,University
11883W,741,752,-37.81075572,144.9780482,Jolimont
12469S,741,753,-37.81207935,144.9769197,Jolimont
3761S,741,747,-37.81006045,144.9624784,The Mac
48E,741,748,-37.81260835,144.9737395,Twin Towers
C7178,741,915,-37.80743963,144.9531662,Queensberry
C2636,742,895,-37.80953618,144.9716371,Princes Theatre
13301S,742,817,-37.82234164,144.9468699,Docklands
13307W,743,757,-37.8205206,144.9472059,Docklands
12461S,743,749,-37.81203633,144.9765303,Jolimont
8352E,743,750,-37.82413045,144.9685709,Southbank
C7196,743,779,-37.80756806,144.952902,Queensberry
5592E,744,752,-37.80593719,144.9538766,Queensberry
673W,744,754,-37.81441285,144.9687144,City Square
2884N,745,764,-37.81086766,144.9667622,Library
694E,746,776,-37.81404742,144.9687951,City Square
12338N,746,757,-37.80988361,144.9794282,East Melbourne
C5864,746,1110,-37.80523878,144.9537594,Queensberry
12093W,747,923,-37.81083727,144.9833555,East Melbourne
2563S,747,852,-37.81412239,144.9598662,Supreme
11707W,747,779,-37.81004472,144.9727275,Jolimont
5130E,747,868,-37.80314504,144.9571394,Courtney
C7740,747,754,-37.80313959,144.9504104,Queensberry
12285S,747,766,-37.8097585,144.9769364,Jolimont
9531S,748,753,-37.82825576,144.9653576,Southbank
2E,748,754,-37.81494561,144.9748225,Twin Towers
9970N,748,982,-37.8259887,144.9671493,Southbank
C13572,748,769,-37.81947539,144.9450461,Docklands
45W,749,781,-37.81273972,144.9735492,Twin Towers
2557S,749,794,-37.81389609,144.9606142,Hardware
8713W,749,763,-37.82476699,144.9633924,Southbank
9292N,749,960,-37.82907503,144.9695678,Southbank
12288N,749,758,-37.80970041,144.9777548,Jolimont
C204,749,798,-37.81577294,144.9722709,Hyatt
C224,749,776,-37.81559854,144.9721908,Hyatt
C7738,749,857,-37.80314276,144.9504386,Queensberry
C6392,750,885,-37.80379679,144.9509969,Queensberry
13373W,750,960,-37.81975611,144.9498403,Docklands
2849S,750,785,-37.81069422,144.9680227,Princes Theatre
5804E,750,793,-37.80708341,144.9534651,Queensberry
8318E,750,826,-37.82508581,144.9682849,Southbank
13367W,750,960,-37.81956935,144.949693,Docklands
C344,750,847,-37.81436682,144.9716188,Hyatt
8649W,750,769,-37.82558052,144.9624657,Southbank
4572E,750,767,-37.80815455,144.9660946,The Mac
7582N,750,759,-37.80559939,144.9542931,Queensberry
C13676,751,805,-37.81995237,144.9433924,Docklands
12442N,751,784,-37.81184753,144.9758456,Jolimont
8279W,751,788,-37.82701902,144.9675774,Southbank
13911W,751,762,-37.81360587,144.9418344,Docklands
7680N,751,758,-37.80375078,144.9567101,Courtney
1695S,751,769,-37.820605,144.9570746,Markilles
C252,752,767,-37.8154107,144.9721042,Hyatt
1425W,752,770,-37.81815917,144.9564156,Family
9453S,752,768,-37.83027812,144.9658514,Southbank
797W,752,783,-37.81133408,144.9672999,Library
12279S,752,801,-37.80973763,144.976744,Jolimont
13029S,753,806,-37.82053721,144.9493859,Docklands
13870N,753,781,-37.81399876,144.9416974,Docklands
C692,753,774,-37.81421597,144.968748,City Square
C6340,753,993,-37.80431152,144.9509058,Queensberry
13634E,753,769,-37.81898174,144.9442912,Docklands
C412,753,990,-37.81291066,144.9709504,Windsor
C1212,754,764,-37.81248517,144.9595485,Titles
13369W,755,960,-37.81961403,144.9497282,Docklands
C696,756,767,-37.81419222,144.9687374,City Square
2337S,756,765,-37.81188777,144.9715038,Windsor
50E,756,816,-37.81255423,144.9737144,Twin Towers
C1115,756,772,-37.81550243,144.9609294,McKillop
13699W,757,769,-37.81980504,144.9459096,Docklands
12044E,758,780,-37.81240392,144.9833322,East Melbourne
13629W,758,764,-37.82039383,144.9444854,Docklands
1849S,758,1013,-37.81883676,144.9592141,Rialto
13015S,759,807,-37.8199656,144.9513618,Docklands
7592N,759,1110,-37.80523525,144.9510389,Queensberry
C7028,759,1001,-37.80742553,144.9586895,Victoria Market
C5966,759,791,-37.80377804,144.9540202,Queensberry
5150E,759,819,-37.80279276,144.9569757,Courtney
1205W,759,789,-37.81263517,144.9594919,Titles
10034N,760,772,-37.82323016,144.9667054,Southbank
7588N,760,781,-37.80557196,144.9540494,Queensberry
C6400,760,829,-37.80375005,144.9510053,Queensberry
7784N,760,817,-37.80243112,144.9448248,Queensberry
12459S,760,777,-37.81202872,144.9764601,Jolimont
5829W,761,768,-37.80665496,144.9534054,Queensberry
775W,761,800,-37.81221754,144.9677054,Chinatown
12287S,761,778,-37.80976917,144.9770357,Jolimont
11888E,762,772,-37.81038123,144.9783506,Jolimont
13853S,762,771,-37.81411372,144.9415683,Docklands
1662N,762,785,-37.81857743,144.9632572,Banks
C6428,763,867,-37.80347327,144.9510547,Queensberry
C2944,763,816,-37.81265946,144.9610092,Hardware
334E,763,812,-37.81438812,144.9717558,Hyatt
1297W,763,843,-37.81840452,144.9593341,Tavistock
65W,763,801,-37.81024925,144.9724068,Princes Theatre
13214N,764,803,-37.81869043,144.9474187,Docklands
C1166,765,780,-37.81363641,144.9600742,Hardware
13381W,765,786,-37.82039784,144.9503461,Docklands
5188E,765,1202,-37.81105803,144.9574427,Hyatt
12264N,765,770,-37.80954973,144.9763512,Jolimont
10007S,765,858,-37.82364856,144.969288,Southbank
6231W,765,777,-37.80598364,144.9508381,Queensberry
12377S,766,775,-37.81016618,144.9806603,East Melbourne
C548,766,774,-37.80957988,144.9694221,Regency
C232,766,816,-37.81555296,144.9721694,Hyatt
C4828,767,823,-37.81061158,144.9586981,Titles
13758E,767,785,-37.81230145,144.936251,Docklands
977W,768,1052,-37.81860766,144.9622303,Banks
5154E,768,866,-37.80274804,144.9569549,Courtney
12487S,768,948,-37.81215577,144.9776229,Jolimont
C6352,768,888,-37.80421782,144.9509224,Queensberry
13760E,768,795,-37.812263,144.9362268,Docklands
13327W,769,777,-37.81974853,144.9469088,Docklands
13350E,770,790,-37.81573303,144.9453756,Docklands
9943S,770,834,-37.82602525,144.9673739,Southbank
C264,771,804,-37.81528916,144.9720478,Hyatt
12322N,771,798,-37.80980447,144.9786929,East Melbourne
2508N,771,787,-37.81086532,144.9708109,Princes Theatre
5180E,771,814,-37.8111945,144.9575054,Mint
C6404,771,867,-37.80370336,144.9510137,Queensberry
37W,772,791,-37.81392533,144.9741295,Twin Towers
4574E,773,787,-37.80809601,144.9660678,The Mac
C680,773,787,-37.81428853,144.9687806,City Square
1203W,774,781,-37.81268611,144.9595147,Titles
1518E,774,906,-37.81946331,144.9544653,Markilles
C1150,774,851,-37.81384622,144.9601694,Hardware
13221S,775,782,-37.81891316,144.9473267,Docklands
13656E,775,914,-37.81997219,144.9453979,Docklands
1295W,775,789,-37.81845605,144.9593577,Tavistock
13466E,775,782,-37.82016452,144.9486632,Docklands
13352E,775,923,-37.81567639,144.9453506,Docklands
43W,775,823,-37.8127876,144.973571,Twin Towers
13912E,776,782,-37.81390575,144.9412726,Docklands
791W,776,812,-37.81149444,144.9673738,Library
425W,776,782,-37.81279514,144.9707706,Windsor
11810E,777,785,-37.81389014,144.9777615,Jolimont
13039S,777,797,-37.82122207,144.9470182,Docklands
2561S,777,893,-37.81410437,144.959928,Supreme
2341S,778,788,-37.81192268,144.9713844,Windsor
C1122,778,809,-37.81457007,144.9605018,Hardware
10121W,778,786,-37.80320432,144.9479722,Queensberry
C7182,779,798,-37.80746605,144.953112,Queensberry
2845S,779,801,-37.81065641,144.9681509,Princes Theatre
2553S,779,790,-37.8138616,144.9607337,Hardware
787W,779,788,-37.81160148,144.9674232,Library
12025W,781,787,-37.81303296,144.9829894,East Melbourne
5098E,781,1110,-37.80441203,144.9577275,Courtney
2344N,781,852,-37.81182606,144.9711621,Windsor
13486E,782,795,-37.81960519,144.9505258,Docklands
983W,782,814,-37.81845524,144.9621604,Banks
8709W,783,815,-37.82483527,144.9633124,Southbank
12381S,783,798,-37.81090675,144.9763542,Jolimont
C13580,783,905,-37.81949368,144.9449829,Docklands
12273S,783,792,-37.80971647,144.9765488,Jolimont
12453S,784,811,-37.81200577,144.9762477,Jolimont
C1121,784,819,-37.81539157,144.9608786,McKillop
C13656,784,811,-37.81980391,144.9439109,Docklands
994E,784,842,-37.81846335,144.9624156,Banks
C4884,785,795,-37.80832687,144.9578448,Victoria Market
13578E,785,841,-37.82037563,144.9429534,Docklands
9447S,785,804,-37.83024639,144.9659611,Southbank
2851S,785,810,-37.81071345,144.9679578,Princes Theatre
1232E,785,846,-37.81218175,144.9595374,Titles
7597S,786,802,-37.80534515,144.9503474,Queensberry
5807W,786,889,-37.80702713,144.9533404,Queensberry
C1208,786,793,-37.81255668,144.9595811,Titles
C320,786,801,-37.81454334,144.9717005,Hyatt
2348N,786,792,-37.81186443,144.9710311,Windsor
C6402,786,874,-37.8037266,144.9510095,Queensberry
10107W,787,795,-37.80368347,144.9478867,Queensberry
13241S,787,795,-37.82004168,144.9434045,Docklands
9443S,787,816,-37.83022552,144.9660332,Southbank
C146,787,805,-37.8086132,144.9717778,Regency
2892N,787,799,-37.81061209,144.9676316,Princes Theatre
7331W,787,817,-37.80552845,144.9492246,West Melbourne
C1134,788,874,-37.81440089,144.9604241,Hardware
10178E,788,799,-37.80410451,144.9495326,Queensberry
9437S,789,826,-37.83019364,144.9661434,Southbank
13789W,789,807,-37.81312192,144.9406738,Docklands
2513S,789,852,-37.81096637,144.9706443,Princes Theatre
6517S,790,796,-37.80771288,144.9623269,The Mac
13663W,790,833,-37.8212229,144.9453826,Docklands
4005W,790,817,-37.80777201,144.9600844,Victoria Market
C2764,791,863,-37.809999,144.9700562,Princes Theatre
C6414,791,821,-37.80358787,144.9510343,Queensberry
C296,791,799,-37.81478028,144.9718104,Hyatt
9952N,791,815,-37.82592205,144.9673776,Southbank
5140E,791,798,-37.80297373,144.9570597,Courtney
9445S,791,822,-37.830236,144.965997,Southbank
C1224,792,818,-37.81231996,144.9594732,Titles
C328,792,816,-37.81449553,144.9716782,Hyatt
12363S,793,809,-37.81011602,144.9802068,East Melbourne
C2986,793,803,-37.81310164,144.9594536,Supreme
12042E,794,811,-37.81254119,144.9833059,East Melbourne
C9114,794,822,-37.79839825,144.9647112,University
4003W,794,813,-37.80782281,144.9601077,Victoria Market
13866N,794,857,-37.81405078,144.9415608,Docklands
770E,794,826,-37.81246043,144.9680647,Chinatown
13221S,795,800,-37.81891316,144.9473267,Docklands
C2836,795,933,-37.81053175,144.9682256,Princes Theatre
8891W,795,801,-37.82483151,144.9612527,Southbank
13619W,796,803,-37.81958026,144.9435401,Docklands
5292E,796,806,-37.8044346,144.9574613,Courtney
1388E,796,814,-37.81988914,144.9574628,Rialto
12282N,797,807,-37.80967938,144.9775578,Jolimont
12384N,797,888,-37.81068357,144.9760056,Jolimont
C7712,798,837,-37.80359471,144.9544798,Queensberry
779W,798,807,-37.81216666,144.9676823,Chinatown
9533S,798,804,-37.82822897,144.9652072,Southbank
12291S,798,813,-37.80978494,144.9771796,Jolimont
12293S,798,832,-37.8097925,144.9772481,Jolimont
5094E,799,809,-37.80445522,144.9577469,Courtney
13911W,799,855,-37.81360587,144.9418344,Docklands
12360N,799,819,-37.81023444,144.982598,East Melbourne
13796E,799,809,-37.81233213,144.9386874,Docklands
1236E,800,842,-37.81213407,144.9595156,Titles
11961W,800,840,-37.81478828,144.9826885,East Melbourne
1979S,800,819,-37.8166486,144.962849,Banks
13262N,800,862,-37.81994956,144.9430957,Docklands
13269S,800,812,-37.8195909,144.9491714,Docklands
11748E,801,975,-37.81021797,144.9756725,Jolimont
8649W,801,875,-37.82558052,144.9624657,Southbank
13418E,801,816,-37.81978279,144.9479615,Docklands
13033S,801,810,-37.82057355,144.9492606,Docklands
13687W,802,826,-37.82038974,144.9460625,Docklands
C1214,802,810,-37.81246144,144.9595377,Titles
9515S,802,807,-37.82844186,144.9663141,Southbank
C6408,802,879,-37.80365718,144.9510219,Queensberry
C5952,804,817,-37.80395155,144.9539892,Queensberry
2822N,805,837,-37.81039698,144.9683633,Princes Theatre
13876N,805,815,-37.81392423,144.9418947,Docklands
12003W,805,860,-37.81360135,144.9828915,East Melbourne
C332,805,815,-37.81447147,144.9716671,Hyatt
13041S,806,824,-37.82124275,144.9469466,Docklands
C1162,806,823,-37.81368347,144.9600955,Hardware
10189W,806,924,-37.80382682,144.9493915,Queensberry
C782,806,815,-37.81164582,144.9675669,Library
909W,807,818,-37.81691519,144.9642796,Banks
1550E,808,823,-37.81239674,144.951205,West Melbourne
1736N,808,816,-37.81465306,144.9730614,Twin Towers
12436N,810,967,-37.81182447,144.9756335,Jolimont
6542N,810,824,-37.80783816,144.9612067,The Mac
9230N,810,818,-37.83129989,144.9662657,Southbank
2853S,811,851,-37.81073269,144.9678928,Princes Theatre
1908N,811,820,-37.81444536,144.9698433,Hyatt
13693W,811,818,-37.82020558,144.9460144,Docklands
13205S,811,839,-37.81869951,144.9480692,Docklands
1982N,812,869,-37.8166151,144.9623981,Banks
C268,812,847,-37.8152664,144.9720373,Hyatt
11931W,812,873,-37.81556242,144.9825568,East Melbourne
8713W,812,871,-37.82476699,144.9633924,Southbank
C1142,813,835,-37.81428287,144.9603696,Hardware
7660N,813,818,-37.80495487,144.9567006,Courtney
11979W,813,944,-37.8143226,144.982768,East Melbourne
13586E,814,875,-37.81967338,144.942657,Docklands
12029W,814,838,-37.81292959,144.9830068,East Melbourne
3435S,814,820,-37.81080727,144.9635679,Library
C5888,814,838,-37.8049547,144.9538101,Queensberry
8316E,814,821,-37.82513892,144.9682689,Southbank
13240N,815,851,-37.81959521,144.9443124,Docklands
795W,815,858,-37.81138739,144.9673245,Library
5278E,815,844,-37.80459006,144.9574317,Courtney
5264E,815,833,-37.80481923,144.957388,Courtney
12479S,815,826,-37.8121263,144.9773535,Jolimont
13912E,815,857,-37.81390575,144.9412726,Docklands
C272,816,823,-37.81524345,144.9720268,Hyatt
82E,816,960,-37.8089513,144.9720556,Regency
12340N,817,825,-37.80989153,144.9795002,East Melbourne
1514E,818,835,-37.8195608,144.9545099,Markilles
13832N,818,837,-37.81302285,144.9393337,Docklands
797W,819,837,-37.81133408,144.9672999,Library
10032N,821,849,-37.82324114,144.9667747,Southbank
8314E,821,855,-37.82519218,144.9682528,Southbank
C1230,821,829,-37.81227407,144.9594524,Titles
1157W,821,859,-37.8137775,144.9600102,Hardware
1429W,821,839,-37.81806101,144.956371,Family
2856N,822,860,-37.8105556,144.9678237,Princes Theatre
2551S,822,831,-37.81382557,144.9608584,Hardware
8651W,823,837,-37.82556052,144.9624892,Southbank
C1190,823,833,-37.81337904,144.9599577,Hardware
2553S,823,834,-37.8138616,144.9607337,Hardware
2818N,824,851,-37.81034688,144.9685342,Princes Theatre
4509W,824,845,-37.81166044,144.9534244,West Melbourne
C9000,824,848,-37.80285194,144.9668431,Drummond
45W,824,840,-37.81273972,144.9735492,Twin Towers
10036N,824,875,-37.82321938,144.9666358,Southbank
3761S,825,840,-37.81006045,144.9624784,The Mac
11503S,825,831,-37.81154627,144.9531295,West Melbourne
C9020,825,1092,-37.80287248,144.96703,Drummond
13416E,826,837,-37.81973947,144.9479154,Docklands
12461S,827,856,-37.81203633,144.9765303,Jolimont
C276,827,833,-37.81522059,144.9720163,Hyatt
2337S,828,836,-37.81188777,144.9715038,Windsor
C164,828,1230,-37.80827816,144.9716238,Regency
C696,829,848,-37.81419222,144.9687374,City Square
8653W,829,867,-37.82554051,144.9625127,Southbank
12393S,830,880,-37.81095738,144.9768136,Jolimont
13234N,830,860,-37.81942611,144.9449034,Docklands
682E,830,846,-37.81419688,144.9688636,City Square
7762N,830,846,-37.80254077,144.9458218,Queensberry
85W,830,911,-37.80898703,144.9718244,Regency
13203S,831,837,-37.8186821,144.9481293,Docklands
C674,831,888,-37.81436064,144.9688131,City Square
83W,831,841,-37.80903752,144.9718479,Regency
12338N,832,847,-37.80988361,144.9794282,East Melbourne
10177W,832,845,-37.80414888,144.9493349,Queensberry
13332E,832,862,-37.81673789,144.9458185,Docklands
13444E,832,969,-37.81916413,144.9486245,Docklands
812E,832,838,-37.81129717,144.9675333,Library
C212,832,861,-37.81572661,144.97225,Hyatt
11872E,832,845,-37.81079708,144.9782807,Jolimont
C9202,832,849,-37.79848481,144.9655169,University
12286N,832,888,-37.80969381,144.9776929,Jolimont
13636E,833,852,-37.82036873,144.9445749,Docklands
3914N,833,846,-37.81204932,144.9551424,Magistrates
13045S,833,841,-37.82128409,144.9468033,Docklands
1738N,833,871,-37.81467179,144.9729975,Twin Towers
1412E,833,841,-37.81885324,144.9569854,Rialto
10034N,834,849,-37.82323016,144.9667054,Southbank
C9102,834,851,-37.79838809,144.9646195,University
5592E,834,1014,-37.80593719,144.9538766,Queensberry
C2642,834,961,-37.80955854,144.9715607,Princes Theatre
C13644,835,845,-37.81977373,144.9440145,Docklands
C248,835,914,-37.81543357,144.9721146,Hyatt
4860E,835,862,-37.80947358,144.9583021,Titles
13312E,835,844,-37.81978257,144.9471226,Docklands
959W,835,860,-37.8120208,144.9620312,Library
793W,835,844,-37.81144071,144.9673491,Library
1660N,836,889,-37.81855878,144.9633211,Banks
968E,836,848,-37.81168094,144.9620838,Library
11874E,836,902,-37.81074368,144.9782895,Jolimont
12364N,836,851,-37.81026319,144.9828576,East Melbourne
1528E,836,848,-37.81750249,144.9535639,Spencer
13336E,837,861,-37.81662593,144.9457691,Docklands
775W,837,869,-37.81221754,144.9677054,Chinatown
816E,838,844,-37.81124641,144.9675098,Library
13334E,838,849,-37.81668191,144.9457938,Docklands
13456E,839,885,-37.81948833,144.948637,Docklands
13767W,839,888,-37.81242059,144.938621,Docklands
13790E,839,887,-37.81250227,144.9387905,Docklands
5156E,839,846,-37.80272572,144.9569445,Courtney
C13536,839,844,-37.81930771,144.9456262,Docklands
6584N,839,844,-37.80825984,144.9597589,Titles
C13588,840,915,-37.81951188,144.9449196,Docklands
557W,840,923,-37.80937794,144.9692058,Regency
C810,840,870,-37.81135347,144.9674335,Library
13462E,841,862,-37.82005376,144.9486589,Docklands
C6172,841,887,-37.80378489,144.9525055,Queensberry
10118E,841,897,-37.8033078,144.9481882,Queensberry
10116E,841,897,-37.80336189,144.9481785,Queensberry
10120E,841,897,-37.80325149,144.9481983,Queensberry
1861S,842,877,-37.81929159,144.9576469,Rialto
4390E,843,890,-37.80862272,144.9606837,The Mac
12404N,843,1028,-37.81075418,144.9766552,Jolimont
12264N,843,868,-37.80954973,144.9763512,Jolimont
2357S,843,880,-37.8122656,144.970217,Windsor
8710E,844,882,-37.82491812,144.9634425,Southbank
11746E,844,882,-37.81025046,144.975667,Jolimont
103W,844,859,-37.80806339,144.9713971,Regency
10122E,844,877,-37.80319152,144.948209,Queensberry
C1220,845,852,-37.81236655,144.9594945,Titles
12083W,845,859,-37.81109579,144.9833128,East Melbourne
C6636,845,987,-37.80849717,144.9592815,Titles
1920N,846,864,-37.81459062,144.9693496,Hyatt
C13692,846,950,-37.81999579,144.9432431,Docklands
6253S,847,867,-37.80768038,144.966405,Regency
12285S,848,873,-37.8097585,144.9769364,Jolimont
C680,848,888,-37.81428853,144.9687806,City Square
C2796,848,898,-37.81035539,144.9688283,Princes Theatre
C1218,849,866,-37.81241681,144.9595174,Titles
5594E,849,858,-37.80589074,144.9538555,Queensberry
908E,850,878,-37.81691389,144.9644843,Degraves
10181W,850,860,-37.80404052,144.9493538,Queensberry
2884N,850,876,-37.81086766,144.9667622,Library
12023W,851,871,-37.81308415,144.9829809,East Melbourne
3435S,851,865,-37.81080727,144.9635679,Library
2336N,851,898,-37.81173104,144.9714842,Windsor
13446E,852,866,-37.81921817,144.9486267,Docklands
2814N,852,858,-37.81032823,144.9685977,Princes Theatre
2350N,852,887,-37.81190347,144.9708985,Windsor
2847S,852,864,-37.81067521,144.968087,Princes Theatre
C1210,852,899,-37.81250889,144.9595594,Titles
11722E,853,875,-37.80997392,144.9729731,Jolimont
1205W,853,905,-37.81263517,144.9594919,Titles
6517S,853,860,-37.80771288,144.9623269,The Mac
12E,853,872,-37.81469214,144.9747051,Twin Towers
C7176,853,862,-37.80742646,144.9531933,Queensberry
13304N,854,872,-37.82179703,144.950814,Docklands
12360N,854,867,-37.81023444,144.982598,East Melbourne
C2962,855,882,-37.81279545,144.9605416,Hardware
13406E,855,862,-37.81922803,144.9473708,Docklands
11959W,855,979,-37.81484011,144.9826797,East Melbourne
12047W,856,937,-37.81241404,144.9830925,East Melbourne
1427W,856,874,-37.81811189,144.9563941,Family
C2940,856,950,-37.81264012,144.9610757,Hardware
12045W,858,869,-37.81246597,144.9830839,East Melbourne
12273S,859,902,-37.80971647,144.9765488,Jolimont
11503S,859,873,-37.81154627,144.9531295,West Melbourne
2508N,859,878,-37.81086532,144.9708109,Princes Theatre
10171W,859,879,-37.80429711,144.9493087,Queensberry
C296,859,899,-37.81478028,144.9718104,Hyatt
12444N,860,872,-37.81190265,144.9763519,Jolimont
C2672,860,894,-37.80968431,144.9711311,Princes Theatre
C9158,860,889,-37.79844107,144.9651089,University
1986N,860,866,-37.81664994,144.9622779,Banks
12266N,860,871,-37.80962183,144.9770233,Jolimont
C676,860,870,-37.81433785,144.9688029,City Square
9200N,860,948,-37.8311241,144.9668652,Southbank
C204,860,870,-37.81577294,144.9722709,Hyatt
11501S,862,873,-37.81152513,144.9532044,West Melbourne
13044N,862,1045,-37.82109504,144.9435931,Docklands
C9170,863,880,-37.79845224,144.9652092,University
12420N,864,918,-37.81087695,144.9777832,Jolimont
6213W,864,957,-37.80621993,144.950945,Queensberry
2890N,864,886,-37.81093249,144.9665423,Library
11897W,865,1009,-37.81026413,144.9781295,Jolimont
9411S,865,880,-37.83006291,144.9666113,Southbank
1209W,865,931,-37.81253494,144.959447,Titles
7015S,865,1076,-37.8073946,144.9591211,Victoria Market
9449S,865,1096,-37.83025691,144.9659247,Southbank
13658E,865,985,-37.81991684,144.9453842,Docklands
C264,866,873,-37.81528916,144.9720478,Hyatt
3392N,866,873,-37.80997748,144.9662277,Library
11876E,867,873,-37.81069143,144.9782983,Jolimont
13356E,867,900,-37.82198712,144.9477842,Docklands
C240,868,873,-37.81550777,144.9721482,Hyatt
11933W,868,917,-37.81551182,144.9825653,East Melbourne
11726E,868,874,-37.80986458,144.9729877,Jolimont
C1122,869,926,-37.81457007,144.9605018,Hardware
338E,869,926,-37.81433738,144.9717323,Hyatt
7660N,870,877,-37.80495487,144.9567006,Courtney
C13552,870,886,-37.81935188,144.945473,Docklands
C2720,870,906,-37.8098634,144.9705196,Princes Theatre
C500,871,1001,-37.8106499,144.9699122,Princes Theatre
1452E,871,903,-37.81681411,144.9560501,Family
13610E,872,999,-37.82020943,144.9439585,Docklands
C5576,872,911,-37.80634704,144.9539371,Queensberry
812E,873,890,-37.81129717,144.9675333,Library
3464N,874,886,-37.81210933,144.9589595,Mint
45W,874,881,-37.81273972,144.9735492,Twin Towers
10197W,874,888,-37.80360963,144.9494298,Queensberry
C1126,874,894,-37.81452183,144.9604796,Hardware
816E,874,882,-37.81124641,144.9675098,Library
12287S,874,885,-37.80976917,144.9770357,Jolimont
10338E,875,977,-37.80342859,144.9439571,Queensberry
1810E,875,894,-37.81867483,144.9609275,Tavistock
13794E,876,883,-37.81238797,144.9387212,Docklands
13371W,876,883,-37.81970875,144.9498029,Docklands
12448N,876,922,-37.81191814,144.9764948,Jolimont
13033S,876,926,-37.82057355,144.9492606,Docklands
682E,876,895,-37.81419688,144.9688636,City Square
8711W,876,886,-37.82480113,144.9633524,Southbank
1175W,877,883,-37.81356745,144.9599138,Hardware
1404E,877,884,-37.81905726,144.9570791,Rialto
12441S,877,911,-37.81194402,144.975685,Jolimont
12297S,877,884,-37.80980702,144.9773814,Jolimont
13029S,878,902,-37.82053721,144.9493859,Docklands
C806,878,893,-37.81137804,144.9674447,Library
12260N,878,906,-37.80953633,144.9762274,Jolimont
65W,878,913,-37.81024925,144.9724068,Princes Theatre
12391S,879,945,-37.81094999,144.9767461,Jolimont
11883W,879,886,-37.81075572,144.9780482,Jolimont
C1208,880,912,-37.81255668,144.9595811,Titles
981W,881,974,-37.81850605,144.9621837,Banks
C9122,881,890,-37.79840476,144.9647733,University
6171W,882,900,-37.80426415,144.9431407,Queensberry
9962N,882,904,-37.82595911,144.9672508,Southbank
6035S,882,1230,-37.81053313,144.9566557,Mint
13772E,882,894,-37.81346065,144.9393703,Docklands
C830,882,899,-37.81116389,144.967347,Library
1451W,882,932,-37.81689137,144.9558366,Family
13628E,882,899,-37.81942582,144.9444923,Docklands
C1234,882,896,-37.81222539,144.95943,Titles
8647W,883,943,-37.82560053,144.9624423,Southbank
13416E,883,910,-37.81973947,144.9479154,Docklands
2341S,883,894,-37.81192268,144.9713844,Windsor
13215S,883,895,-37.81881017,144.9476873,Docklands
1847S,883,895,-37.81881749,144.9592802,Rialto
10179W,884,895,-37.80409428,144.9493444,Queensberry
11703W,884,1070,-37.8101522,144.9727114,Jolimont
11754E,885,922,-37.81012047,144.9756886,Jolimont
C2654,885,900,-37.80962526,144.9713329,Princes Theatre
8702E,885,1110,-37.82503123,144.9633182,Southbank
48E,885,894,-37.81260835,144.9737395,Twin Towers
C700,885,931,-37.81416846,144.9687267,City Square
13606E,886,895,-37.82031148,144.9440037,Docklands
11705W,886,1092,-37.81009873,144.9727195,Jolimont
1979S,886,898,-37.8166486,144.962849,Banks
C13624,886,900,-37.8196649,144.9443883,Docklands
12067W,887,893,-37.81189537,144.9831792,East Melbourne
5123W,887,899,-37.80336354,144.9571164,Courtney
C1140,887,927,-37.81430567,144.9603801,Hardware
C304,888,932,-37.81473779,144.9717907,Hyatt
1295W,889,960,-37.81845605,144.9593577,Tavistock
12279S,889,925,-37.80973763,144.976744,Jolimont
11893W,889,898,-37.81039625,144.9781077,Jolimont
C2842,889,942,-37.81055768,144.9681371,Princes Theatre
13246N,889,1110,-37.81965062,144.9441227,Docklands
12277S,889,895,-37.80973085,144.9766814,Jolimont
9433S,889,936,-37.8301729,144.9662151,Southbank
12398N,890,922,-37.81073265,144.9764569,Jolimont
13853S,891,940,-37.81411372,144.9415683,Docklands
C224,891,957,-37.81559854,144.9721908,Hyatt
11766E,892,1047,-37.80992531,144.9757209,Jolimont
C1216,892,941,-37.81243892,144.9595274,Titles
12046E,892,1040,-37.81233742,144.9833424,East Melbourne
959W,892,898,-37.8120208,144.9620312,Library
1192E,892,985,-37.81331958,144.9600567,Hardware
C236,893,995,-37.81553016,144.9721587,Hyatt
1447W,893,907,-37.81699389,144.9558836,Family
3435S,893,1026,-37.81080727,144.9635679,Library
12343S,893,925,-37.81004134,144.9795248,East Melbourne
9527S,894,943,-37.82828614,144.965512,Southbank
2557S,894,923,-37.81389609,144.9606142,Hardware
2847S,894,910,-37.81067521,144.968087,Princes Theatre
13766E,896,1090,-37.81360685,144.9394589,Docklands
9887S,896,931,-37.82555494,144.9689876,Southbank
13870N,897,914,-37.81399876,144.9416974,Docklands
7331W,897,927,-37.80552845,144.9492246,West Melbourne
13760E,897,910,-37.812263,144.9362268,Docklands
2899S,897,906,-37.8112266,144.9661859,Library
C1166,897,936,-37.81363641,144.9600742,Hardware
C1212,897,941,-37.81248517,144.9595485,Titles
C670,897,905,-37.81440745,144.9688341,City Square
8639W,898,1028,-37.82568055,144.9623484,Southbank
4478E,898,955,-37.81288173,144.9542372,Magistrates
13328E,898,920,-37.81684984,144.9458679,Docklands
39W,898,954,-37.81387628,144.9741067,Twin Towers
951W,898,907,-37.81305338,144.9625077,Chinatown
10177W,898,918,-37.80414888,144.9493349,Queensberry
13329W,899,918,-37.81891969,144.9484019,Docklands
C996,900,906,-37.81847631,144.9622961,Banks
C7740,900,910,-37.80313959,144.9504104,Queensberry
8325W,900,948,-37.82493803,144.9682057,Southbank
13221S,900,911,-37.81891316,144.9473267,Docklands
13301S,900,907,-37.82234164,144.9468699,Docklands
9238N,901,929,-37.82873656,144.970731,Southbank
5284E,901,926,-37.80452345,144.9574444,Courtney
C1148,902,1070,-37.81419055,144.9603271,Hardware
2350N,902,948,-37.81190347,144.9708985,Windsor
9850N,904,1002,-37.82518459,144.9698851,Southbank
12416N,905,1056,-37.81086362,144.9776605,Jolimont
13341W,906,1011,-37.81925514,144.948415,Docklands
C268,907,927,-37.8152664,144.9720373,Hyatt
13377W,908,917,-37.81987589,144.9499389,Docklands
5160E,908,1009,-37.80268082,144.9569237,Courtney
5271W,908,928,-37.80449756,144.9573175,Courtney
13632E,908,931,-37.81903333,144.9443151,Docklands
11756E,908,939,-37.81008795,144.975694,Jolimont
13217S,909,958,-37.81887903,144.9474453,Docklands
12329S,909,924,-37.80999697,144.9791214,East Melbourne
C696,910,924,-37.81419222,144.9687374,City Square
2553S,911,924,-37.8138616,144.9607337,Hardware
13578E,912,953,-37.82037563,144.9429534,Docklands
5147W,912,934,-37.80285325,144.9568774,Courtney
12455S,912,938,-37.81201309,144.9763152,Jolimont
C2756,913,964,-37.809984,144.9701075,Princes Theatre
C2800,913,923,-37.81036429,144.9687979,Princes Theatre
13428E,913,938,-37.81999936,144.9481917,Docklands
13725W,913,936,-37.81224103,144.9360988,Docklands
1433W,914,943,-37.81777479,144.956239,Family
C244,915,936,-37.81545645,144.9721251,Hyatt
C13520,916,921,-37.81926491,144.9457745,Docklands
9897S,916,931,-37.82564683,144.968672,Southbank
5349W,916,952,-37.810241,144.9555931,Mint
12461S,916,936,-37.81203633,144.9765303,Jolimont
769W,918,930,-37.81236878,144.9677738,Chinatown
13426E,918,1021,-37.81995604,144.9481458,Docklands
C1142,918,943,-37.81428287,144.9603696,Hardware
1789S,918,944,-37.81739263,144.9638999,Banks
910E,918,923,-37.8168627,144.9644608,Degraves
C2664,918,927,-37.80966734,144.9711889,Princes Theatre
13829S,919,948,-37.81556065,144.9374898,Docklands
13330E,919,940,-37.81679387,144.9458432,Docklands
C340,919,935,-37.81439207,144.9716304,Hyatt
C1118,920,949,-37.81461496,144.9605225,Hardware
11740E,920,994,-37.81034821,144.9756509,Jolimont
C256,920,945,-37.81533488,144.9720688,Hyatt
11995W,920,933,-37.81391268,144.9828374,East Melbourne
2861S,920,925,-37.81080965,144.9676332,Princes Theatre
9453S,920,930,-37.83027812,144.9658514,Southbank
C6420,921,1054,-37.80351884,144.9510465,Queensberry
1458E,921,926,-37.81664573,144.955974,Family
7741S,921,928,-37.80323523,144.9504106,Queensberry
13612E,921,940,-37.82009631,144.9439089,Docklands
37W,921,931,-37.81392533,144.9741295,Twin Towers
C568,921,941,-37.80936489,144.9693232,Regency
789W,921,1170,-37.81154817,144.9673986,Library
13256N,922,1110,-37.81989374,144.9432877,Docklands
13466E,922,964,-37.82016452,144.9486632,Docklands
9541S,922,931,-37.82820384,144.9650811,Southbank
13791W,922,936,-37.81306916,144.9406416,Docklands
2508N,922,930,-37.81086532,144.9708109,Princes Theatre
2137S,922,1110,-37.8127342,144.9721843,Twin Towers
C576,923,960,-37.80928025,144.9692843,Regency
C13720,924,1022,-37.82006342,144.9430106,Docklands
13580E,924,938,-37.82032363,144.9429294,Docklands
11923W,924,938,-37.81577767,144.9825201,East Melbourne
13215S,924,938,-37.81881017,144.9476873,Docklands
253W,924,944,-37.81544634,144.9719986,Hyatt
7037S,925,1099,-37.80760482,144.9583967,Victoria Market
C344,925,934,-37.81436682,144.9716188,Hyatt
13785W,925,989,-37.81322759,144.9407383,Docklands
13223S,926,975,-37.81893006,144.9472674,Docklands
682E,927,939,-37.81419688,144.9688636,City Square
C592,928,933,-37.80892155,144.9691197,Regency
13418E,929,935,-37.81978279,144.9479615,Docklands
8471W,929,1110,-37.82540533,144.9666832,Southbank
12477S,930,1030,-37.81211825,144.9772799,Jolimont
9222N,930,958,-37.83125756,144.96641,Southbank
C5858,930,959,-37.80531069,144.9537465,Queensberry
1973S,930,1033,-37.81659289,144.9630408,Banks
C672,931,942,-37.81438396,144.9688236,City Square
13667W,931,959,-37.82111078,144.945353,Docklands
13653W,931,957,-37.82030819,144.9453897,Docklands
12335S,932,991,-37.81001179,144.9792555,East Melbourne
959W,933,944,-37.8120208,144.9620312,Library
13343W,933,942,-37.81931142,144.9484171,Docklands
93W,934,946,-37.80878491,144.9717313,Regency
673W,934,943,-37.81441285,144.9687144,City Square
12085W,934,949,-37.8110416,144.9833218,East Melbourne
C6418,935,963,-37.80354154,144.9510425,Queensberry
1920N,935,951,-37.81459062,144.9693496,Hyatt
12443S,936,982,-37.81196723,144.9759003,Jolimont
1979S,937,944,-37.8166486,144.962849,Banks
20E,937,960,-37.81447461,144.9746042,Twin Towers
C1218,937,995,-37.81241681,144.9595174,Titles
12285S,938,978,-37.8097585,144.9769364,Jolimont
C276,938,969,-37.81522059,144.9720163,Hyatt
4886E,938,984,-37.8083196,144.9580248,Victoria Market
13654E,939,1063,-37.82030901,144.9454865,Docklands
C676,940,947,-37.81433785,144.9688029,City Square
13228N,940,953,-37.81937048,144.9450954,Docklands
C692,940,947,-37.81421597,144.968748,City Square
C13532,941,982,-37.81929825,144.9456589,Docklands
13782E,941,998,-37.81278165,144.9389593,Docklands
C814,941,1009,-37.81133017,144.9674228,Library
C1130,942,1014,-37.81444956,144.9604465,Hardware
C13528,942,958,-37.8192888,144.9456917,Docklands
1847S,943,959,-37.81881749,144.9592802,Rialto
C9114,943,954,-37.79839825,144.9647112,University
686E,943,1022,-37.81414395,144.9688393,City Square
C13636,943,952,-37.8196902,144.9443014,Docklands
1289W,943,951,-37.81901005,144.9596111,Tavistock
7741S,944,987,-37.80323523,144.9504106,Queensberry
10166E,944,1027,-37.80447057,144.9494688,Queensberry
1552E,944,1052,-37.81225821,144.9511409,West Melbourne
1982N,945,988,-37.8166151,144.9623981,Banks
13480E,945,960,-37.81943019,144.9503876,Docklands
427W,945,1005,-37.81274444,144.9707469,Windsor
C6302,945,1016,-37.80474565,144.9508299,Queensberry
9541S,945,1018,-37.82820384,144.9650811,Southbank
13634E,946,1041,-37.81898174,144.9442912,Docklands
C13676,946,951,-37.81995237,144.9433924,Docklands
13240N,946,1072,-37.81959521,144.9443124,Docklands
9443S,947,968,-37.83022552,144.9660332,Southbank
10173W,947,972,-37.80424625,144.9493176,Queensberry
13416E,947,969,-37.81973947,144.9479154,Docklands
10003S,947,961,-37.8236152,144.9694035,Southbank
11503S,947,994,-37.81154627,144.9531295,West Melbourne
10119W,948,966,-37.80325633,144.947963,Queensberry
12265S,949,989,-37.80968799,144.9762857,Jolimont
7666N,949,962,-37.8038648,144.9577258,Courtney
3930N,949,969,-37.81219457,144.954629,Magistrates
6227W,949,961,-37.80604907,144.9508674,Queensberry
C13716,949,956,-37.82005535,144.9430383,Docklands
12015W,949,962,-37.81329105,144.9829451,East Melbourne
12330N,950,960,-37.80983352,144.978963,East Melbourne
11896E,951,993,-37.81017859,144.9783847,Jolimont
C680,951,976,-37.81428853,144.9687806,City Square
50E,951,958,-37.81255423,144.9737144,Twin Towers
C572,951,969,-37.80933865,144.9693112,Regency
C13620,952,961,-37.81965647,144.9444173,Docklands
1723S,952,983,-37.81438925,144.9741645,Twin Towers
C9174,952,979,-37.79845882,144.9652712,University
C1134,953,963,-37.81440089,144.9604241,Hardware
1975S,953,960,-37.81661141,144.9629771,Banks
12073W,953,1110,-37.81137242,144.9832668,East Melbourne
2338N,953,963,-37.81174905,144.9714237,Windsor
C6130,953,1010,-37.80438595,144.9523992,Queensberry
C1168,953,970,-37.81361222,144.9600631,Hardware
13663W,954,970,-37.8212229,144.9453826,Docklands
2553S,954,969,-37.8138616,144.9607337,Hardware
10199W,954,992,-37.80355521,144.9494394,Queensberry
13301S,954,959,-37.82234164,144.9468699,Docklands
910E,955,969,-37.8168627,144.9644608,Degraves
C782,955,1013,-37.81164582,144.9675669,Library
7680N,955,990,-37.80375078,144.9567101,Courtney
C7040,956,987,-37.807488,144.958475,Victoria Market
2557S,957,980,-37.81389609,144.9606142,Hardware
C1132,957,998,-37.81442544,144.9604354,Hardware
13307W,958,965,-37.8205206,144.9472059,Docklands
553W,959,964,-37.80947742,144.9692514,Regency
13580E,959,972,-37.82032363,144.9429294,Docklands
C1262,959,982,-37.81170094,144.9591925,Titles
C252,960,1109,-37.8154107,144.9721042,Hyatt
7017S,960,1170,-37.80741316,144.9590573,Victoria Market
2129S,960,995,-37.81248834,144.9730252,Twin Towers
1228E,961,993,-37.8122279,144.9595585,Titles
C666,962,1065,-37.81445233,144.9688543,City Square
C280,962,1010,-37.81519773,144.9720058,Hyatt
12263S,965,1110,-37.80968093,144.9762208,Jolimont
13363W,966,1081,-37.8191705,144.9493785,Docklands
C670,966,975,-37.81440745,144.9688341,City Square
12481S,967,1091,-37.81213381,144.9774221,Jolimont
C13628,967,992,-37.81967334,144.9443593,Docklands
C348,968,985,-37.81434286,144.9716078,Hyatt
13300E,969,1070,-37.82024227,144.9473164,Docklands
13578E,970,976,-37.82037563,144.9429534,Docklands
C204,970,980,-37.81577294,144.9722709,Hyatt
5119W,970,1062,-37.8035905,144.9572218,Courtney
13215S,971,1018,-37.81881017,144.9476873,Docklands
12273S,971,976,-37.80971647,144.9765488,Jolimont
13313W,971,981,-37.82027323,144.9471289,Docklands
487W,972,990,-37.81071046,144.9698128,Princes Theatre
13346E,974,1019,-37.81584632,144.9454256,Docklands
13472E,974,991,-37.81872957,144.9498351,Docklands
2563S,974,979,-37.81412239,144.9598662,Supreme
13375W,975,1107,-37.81981417,144.9498858,Docklands
10177W,975,991,-37.80414888,144.9493349,Queensberry
5123W,975,1110,-37.80336354,144.9571164,Courtney
13367W,975,1004,-37.81956935,144.949693,Docklands
5259W,976,1034,-37.80482893,144.9572541,Courtney
5812E,976,1017,-37.80699052,144.9534817,Queensberry
8895W,977,986,-37.82454242,144.9615931,Southbank
13629W,977,1001,-37.82039383,144.9444854,Docklands
13876N,978,989,-37.81392423,144.9418947,Docklands
13418E,978,990,-37.81978279,144.9479615,Docklands
7646N,979,1058,-37.80500159,144.9571221,Courtney
13632E,979,1023,-37.81903333,144.9443151,Docklands
C9178,979,992,-37.79846206,144.9653021,University
13644E,980,1000,-37.82004401,144.944426,Docklands
C13664,981,1010,-37.81992818,144.9434756,Docklands
5269W,981,994,-37.80455279,144.9573069,Courtney
13406E,982,991,-37.81922803,144.9473708,Docklands
13911W,982,989,-37.81360587,144.9418344,Docklands
12418N,982,1005,-37.81087035,144.9777224,Jolimont
C1190,984,997,-37.81337904,144.9599577,Hardware
11707W,984,1027,-37.81004472,144.9727275,Jolimont
916E,984,991,-37.81669896,144.9643856,Degraves
5146E,984,1023,-37.80290518,144.9570279,Courtney
4373W,985,991,-37.80967443,144.9609548,The Mac
11501S,985,992,-37.81152513,144.9532044,West Melbourne
5144E,986,996,-37.80292804,144.9570385,Courtney
1916N,986,1029,-37.81454686,144.9694999,Hyatt
8871W,986,1230,-37.82543122,144.9605469,Southbank
962E,987,993,-37.81179901,144.9621385,Library
13677W,988,1065,-37.82096898,144.9462153,Docklands
5284E,988,994,-37.80452345,144.9574444,Courtney
43W,989,1002,-37.8127876,144.973571,Twin Towers
8672E,990,1110,-37.82532076,144.9629689,Southbank
13296E,990,995,-37.81645801,144.9456949,Docklands
13636E,990,997,-37.82036873,144.9445749,Docklands
10179W,991,1006,-37.80409428,144.9493444,Queensberry
13330E,991,1023,-37.81679387,144.9458432,Docklands
13787W,991,1052,-37.81317468,144.940706,Docklands
1975S,992,1027,-37.81661141,144.9629771,Banks
338E,992,999,-37.81433738,144.9717323,Hyatt
13642E,993,1017,-37.82010084,144.9444517,Docklands
13753W,993,1031,-37.81276726,144.9388313,Docklands
1736N,993,1055,-37.81465306,144.9730614,Twin Towers
13578E,993,1008,-37.82037563,144.9429534,Docklands
37W,994,1110,-37.81392533,144.9741295,Twin Towers
11810E,994,1004,-37.81389014,144.9777615,Jolimont
13332E,994,1034,-37.81673789,144.9458185,Docklands
12267S,994,1070,-37.80969521,144.9763525,Jolimont
13416E,995,1011,-37.81973947,144.9479154,Docklands
775W,996,1007,-37.81221754,144.9677054,Chinatown
9437S,996,1038,-37.83019364,144.9661434,Southbank
13781W,996,1011,-37.81333339,144.940802,Docklands
13043S,996,1004,-37.82126342,144.9468749,Docklands
961W,997,1012,-37.81196496,144.9620054,Library
9517S,997,1074,-37.82843564,144.9662811,Southbank
C684,998,1170,-37.8142635,144.9687694,City Square
C810,998,1170,-37.81135347,144.9674335,Library
C5954,999,1110,-37.80392684,144.9539936,Queensberry
13626E,999,1005,-37.81931753,144.9435815,Docklands
2339S,999,1018,-37.81190491,144.9714452,Windsor
771W,999,1006,-37.81231931,144.9677514,Chinatown
18E,999,1051,-37.81452914,144.9746296,Twin Towers
13725W,1000,1014,-37.81224103,144.9360988,Docklands
2384N,1000,1039,-37.81437124,144.9624642,McKillop
13033S,1001,1007,-37.82057355,144.9492606,Docklands
5072E,1001,1070,-37.80495739,144.9579768,Courtney
C2944,1001,1033,-37.81265946,144.9610092,Hardware
8316E,1001,1086,-37.82513892,144.9682689,Southbank
690E,1002,1066,-37.81409568,144.9688172,City Square
13348E,1002,1027,-37.81578968,144.9454006,Docklands
C6174,1003,1009,-37.80375923,144.95251,Queensberry
2553S,1003,1015,-37.8138616,144.9607337,Hardware
8342E,1003,1085,-37.82444458,144.9684783,Southbank
8893W,1004,1039,-37.82479338,144.9612975,Southbank
7013S,1004,1044,-37.80737503,144.9591884,Victoria Market
7660N,1005,1032,-37.80495487,144.9567006,Courtney
13679W,1005,1081,-37.82091476,144.946201,Docklands
13912E,1006,1021,-37.81390575,144.9412726,Docklands
10177W,1006,1025,-37.80414888,144.9493349,Queensberry
6043S,1007,1031,-37.81063834,144.9562983,Mint
11888E,1007,1051,-37.81038123,144.9783506,Jolimont
C6088,1007,1016,-37.80500303,144.9522899,Queensberry
C2760,1008,1052,-37.80999153,144.9700817,Princes Theatre
13230N,1008,1014,-37.81938964,144.9450293,Docklands
13029S,1008,1023,-37.82053721,144.9493859,Docklands
13232N,1008,1016,-37.81940788,144.9449664,Docklands
C806,1008,1078,-37.81137804,144.9674447,Library
11875W,1008,1023,-37.81134423,144.9779505,Jolimont
C13726,1009,1095,-37.82007954,144.9429551,Docklands
13347W,1009,1110,-37.81942624,144.9484213,Docklands
C676,1009,1019,-37.81433785,144.9688029,City Square
673W,1010,1021,-37.81441285,144.9687144,City Square
C1156,1010,1044,-37.81377717,144.9601381,Hardware
1207W,1010,1110,-37.81258423,144.9594691,Titles
C1118,1011,1055,-37.81461496,144.9605225,Hardware
13050N,1011,1018,-37.82104865,144.9433995,Docklands
13340E,1012,1110,-37.81651398,144.9457196,Docklands
13301S,1012,1110,-37.82234164,144.9468699,Docklands
11873W,1012,1110,-37.81139863,144.9779413,Jolimont
13418E,1012,1054,-37.81978279,144.9479615,Docklands
11742E,1013,1080,-37.8103156,144.9756563,Jolimont
C1142,1014,1104,-37.81428287,144.9603696,Hardware
13446E,1014,1022,-37.81921817,144.9486267,Docklands
C13552,1014,1110,-37.81935188,144.945473,Docklands
101W,1014,1110,-37.80825367,144.9714849,Regency
13424E,1014,1025,-37.81991273,144.9480997,Docklands
13228N,1015,1082,-37.81937048,144.9450954,Docklands
1157W,1015,1070,-37.8137775,144.9600102,Hardware
13602E,1015,1081,-37.82041347,144.9440489,Docklands
13576E,1015,1023,-37.8204818,144.9430042,Docklands
C2940,1015,1054,-37.81264012,144.9610757,Hardware
13788E,1016,1110,-37.81255912,144.9388248,Docklands
13404E,1017,1022,-37.81918379,144.9473239,Docklands
6241W,1017,1046,-37.80585475,144.9507787,Queensberry
10032N,1018,1030,-37.82324114,144.9667747,Southbank
89W,1019,1031,-37.80888641,144.9717781,Regency
9222N,1019,1081,-37.83125756,144.96641,Southbank
9429S,1019,1026,-37.83015204,144.9662872,Southbank
13723W,1019,1042,-37.81229556,144.9361306,Docklands
9453S,1020,1038,-37.83027812,144.9658514,Southbank
13911W,1021,1061,-37.81360587,144.9418344,Docklands
13408E,1021,1031,-37.81927229,144.9474178,Docklands
2376N,1021,1170,-37.81221483,144.9698362,Windsor
11894E,1021,1077,-37.81022933,144.9783762,Jolimont
13853S,1021,1051,-37.81411372,144.9415683,Docklands
2336N,1021,1026,-37.81173104,144.9714842,Windsor
13832N,1022,1073,-37.81302285,144.9393337,Docklands
C296,1022,1034,-37.81478028,144.9718104,Hyatt
8812E,1022,1170,-37.82279551,144.9667851,Southbank
694E,1022,1052,-37.81404742,144.9687951,City Square
C1126,1023,1032,-37.81452183,144.9604796,Hardware
13201S,1023,1126,-37.8186647,144.9481893,Docklands
13262N,1024,1110,-37.81994956,144.9430957,Docklands
964E,1024,1079,-37.81174234,144.9621122,Library
11788E,1024,1033,-37.81097081,144.9755849,Jolimont
11720E,1025,1068,-37.81002583,144.9729663,Jolimont
C304,1025,1036,-37.81473779,144.9717907,Hyatt
2350N,1025,1074,-37.81190347,144.9708985,Windsor
13697W,1025,1069,-37.81985853,144.9459237,Docklands
13377W,1026,1110,-37.81987589,144.9499389,Docklands
C818,1026,1033,-37.81130687,144.9674122,Library
7644N,1026,1037,-37.80494833,144.9484029,Queensberry
10159W,1026,1073,-37.80465393,144.9492475,Queensberry
C2776,1026,1230,-37.81026941,144.9691207,Princes Theatre
13367W,1028,1110,-37.81956935,144.949693,Docklands
2853S,1028,1039,-37.81073269,144.9678928,Princes Theatre
C1176,1028,1076,-37.81350053,144.9600126,Hardware
2551S,1029,1105,-37.81382557,144.9608584,Hardware
9128N,1029,1056,-37.8301739,144.9701408,Southbank
12042E,1031,1052,-37.81254119,144.9833059,East Melbourne
6525S,1031,1069,-37.80784257,144.9618804,The Mac
13225S,1032,1043,-37.81939766,144.9456302,Docklands
13786E,1032,1044,-37.81261599,144.9388591,Docklands
C7752,1032,1082,-37.80311186,144.9501633,Queensberry
7331W,1032,1110,-37.80552845,144.9492246,West Melbourne
7023S,1034,1170,-37.80747387,144.9588486,Victoria Market
951W,1034,1114,-37.81305338,144.9625077,Chinatown
C244,1035,1068,-37.81545645,144.9721251,Hyatt
5121W,1037,1056,-37.80341088,144.9571384,Courtney
C1168,1037,1057,-37.81361222,144.9600631,Hardware
43W,1038,1057,-37.8127876,144.973571,Twin Towers
C5886,1038,1110,-37.80497787,144.9538059,Queensberry
13655W,1038,1069,-37.82024697,144.9453748,Docklands
6540N,1040,1051,-37.80782027,144.9612675,The Mac
13876N,1041,1110,-37.81392423,144.9418947,Docklands
13304N,1041,1048,-37.82179703,144.950814,Docklands
9200N,1042,1056,-37.8311241,144.9668652,Southbank
13369W,1043,1110,-37.81961403,144.9497282,Docklands
13868N,1043,1091,-37.81402454,144.9416295,Docklands
13303S,1043,1110,-37.82233067,144.9467861,Docklands
13223S,1043,1068,-37.81893006,144.9472674,Docklands
12093W,1045,1110,-37.81083727,144.9833555,East Melbourne
437W,1045,1056,-37.81249094,144.9706287,Windsor
5220E,1045,1110,-37.80475038,144.9574011,Courtney
C2648,1045,1188,-37.80959173,144.9714474,Princes Theatre
961W,1046,1080,-37.81196496,144.9620054,Library
5292E,1046,1053,-37.8044346,144.9574613,Courtney
C2700,1047,1172,-37.80980108,144.9707322,Princes Theatre
13402E,1047,1178,-37.81913961,144.947277,Docklands
11523S,1047,1063,-37.81184393,144.9520775,West Melbourne
3435S,1048,1063,-37.81080727,144.9635679,Library
13332E,1049,1063,-37.81673789,144.9458185,Docklands
13334E,1049,1057,-37.81668191,144.9457938,Docklands
13638E,1050,1060,-37.82031364,144.9445508,Docklands
10197W,1052,1110,-37.80360963,144.9494298,Queensberry
8676E,1052,1110,-37.82528162,144.9630148,Southbank
11503S,1052,1065,-37.81154627,144.9531295,West Melbourne
9310N,1053,1084,-37.82918037,144.9692042,Southbank
13618E,1053,1062,-37.81952667,144.9436775,Docklands
C7754,1053,1087,-37.80310836,144.950132,Queensberry
12367S,1058,1077,-37.81013047,144.9803372,East Melbourne
6031S,1058,1086,-37.81049602,144.9567827,Mint
12049W,1058,1110,-37.81236164,144.9831013,East Melbourne
C6822,1058,1104,-37.80950645,144.955616,Victoria Market
13271S,1059,1107,-37.81956922,144.9492473,Docklands
9451S,1059,1069,-37.83026756,144.9658879,Southbank
13040N,1059,1110,-37.8211263,144.9437236,Docklands
13578E,1060,1076,-37.82037563,144.9429534,Docklands
7013S,1060,1170,-37.80737503,144.9591884,Victoria Market
12057W,1062,1104,-37.81215318,144.9831362,East Melbourne
C340,1062,1075,-37.81439207,144.9716304,Hyatt
2561S,1064,1110,-37.81410437,144.959928,Supreme
C13660,1064,1110,-37.81992012,144.9435033,Docklands
13356E,1065,1087,-37.82198712,144.9477842,Docklands
338E,1065,1071,-37.81433738,144.9717323,Hyatt
11764E,1066,1110,-37.80995784,144.9757155,Jolimont
13619W,1066,1078,-37.81958026,144.9435401,Docklands
13361W,1067,1110,-37.81908992,144.9493149,Docklands
13310N,1067,1110,-37.82225468,144.9468485,Docklands
11929W,1069,1089,-37.81561165,144.9825484,East Melbourne
5447W,1069,1085,-37.80833177,144.9547216,Queensberry
C13500,1069,1110,-37.81921926,144.9459329,Docklands
787W,1069,1094,-37.81160148,144.9674232,Library
1215W,1070,1110,-37.81237282,144.959373,Titles
C146,1070,1081,-37.8086132,144.9717778,Regency
13232N,1070,1107,-37.81940788,144.9449664,Docklands
13632E,1071,1086,-37.81903333,144.9443151,Docklands
45W,1071,1093,-37.81273972,144.9735492,Twin Towers
8346E,1071,1110,-37.82433486,144.9685115,Southbank
3420N,1071,1151,-37.81036493,144.964902,Library
C6606,1072,1093,-37.80838103,144.9596822,Titles
8674E,1072,1104,-37.82530117,144.9629918,Southbank
12055W,1072,1110,-37.81220512,144.9831277,East Melbourne
12357S,1072,1110,-37.81009442,144.9800114,East Melbourne
914E,1073,1092,-37.81675309,144.9644104,Degraves
8649W,1073,1107,-37.82558052,144.9624657,Southbank
6235W,1073,1110,-37.80594128,144.9508187,Queensberry
2555S,1073,1136,-37.81387885,144.960674,Hardware
13334E,1074,1081,-37.81668191,144.9457938,Docklands
93W,1075,1110,-37.80878491,144.9717313,Regency
87W,1075,1110,-37.80893654,144.9718013,Regency
C13544,1075,1093,-37.81932658,144.9455605,Docklands
12381S,1076,1110,-37.81090675,144.9763542,Jolimont
C4832,1076,1153,-37.81056739,144.9586777,Titles
13328E,1076,1110,-37.81684984,144.9458679,Docklands
13617W,1077,1091,-37.81962995,144.9435629,Docklands
12406N,1077,1110,-37.81076241,144.9767311,Jolimont
742E,1078,1140,-37.81335969,144.9684799,Chinatown
11762E,1078,1106,-37.80999037,144.9757101,Jolimont
91W,1078,1110,-37.80883572,144.9717547,Regency
13223S,1078,1084,-37.81893006,144.9472674,Docklands
C13528,1078,1110,-37.8192888,144.9456917,Docklands
C1115,1079,1096,-37.81550243,144.9609294,McKillop
13343W,1079,1110,-37.81931142,144.9484171,Docklands
